CountyFIPS,CountyName,StateAbbr,DIABETES_AdjPrev,BENE_GEO_CD,BENE_GEO_DESC,TOT_MDCR_STDZD_PYMT_PC,BENES_OM_CNT
40061,Haskell,OK,12.4,40061,OK-Haskell,14150.26,1851.0
17097,Lake,IL,9.8,17097,IL-Lake,12394.39,71683.0
20005,Atchison,KS,10.0,20005,KS-Atchison,11722.11,2325.0
02020,Anchorage,AK,8.8,02020,AK-Anchorage,9192.93,37223.0
40133,Seminole,OK,13.7,40133,OK-Seminole,14770.81,2784.0
54057,Mineral,WV,11.7,54057,WV-Mineral,12132.2,4364.0
27013,Blue Earth,MN,10.0,27013,MN-Blue Earth,11512.96,6463.0
31019,Buffalo,NE,9.1,31019,NE-Buffalo,11490.4,5810.0
51003,Albemarle,VA,8.7,51003,VA-Albemarle,9799.62,16971.0
48211,Hemphill,TX,9.7,48211,TX-Hemphill,11748.77,486.0
29205,Shelby,MO,11.5,29205,MO-Shelby,11729.62,1125.0
29033,Carroll,MO,10.6,29033,MO-Carroll,13476.09,1403.0
47045,Dyer,TN,12.6,47045,TN-Dyer,12479.83,4210.0
46099,Minnehaha,SD,10.0,46099,SD-Minnehaha,10666.37,20372.0
19037,Chickasaw,IA,9.5,19037,IA-Chickasaw,11515.56,2148.0
36099,Seneca,NY,9.1,36099,NY-Seneca,10299.71,2826.0
27043,Faribault,MN,9.7,27043,MN-Faribault,11086.97,1984.0
31125,Nance,NE,9.8,31125,NE-Nance,12266.27,657.0
39099,Mahoning,OH,11.8,39099,OH-Mahoning,11801.3,18718.0
28017,Chickasaw,MS,15.7,28017,MS-Chickasaw,12421.42,2215.0
17065,Hamilton,IL,10.7,17065,IL-Hamilton,10990.17,1334.0
48175,Goliad,TX,11.6,48175,TX-Goliad,12222.48,943.0
28133,Sunflower,MS,18.3,28133,MS-Sunflower,15477.79,2301.0
12087,Monroe,FL,9.7,12087,FL-Monroe,11508.04,12828.0
48441,Taylor,TX,11.3,48441,TX-Taylor,13940.22,14037.0
27107,Norman,MN,9.6,27107,MN-Norman,12840.3,907.0
47067,Hancock,TN,15.6,47067,TN-Hancock,11212.99,605.0
05053,Grant,AR,9.8,05053,AR-Grant,11044.52,2262.0
51143,Pittsylvania,VA,13.0,51143,VA-Pittsylvania,10199.61,8417.0
35049,Santa Fe,NM,9.3,35049,NM-Santa Fe,8385.26,22876.0
23023,Sagadahoc,ME,8.0,23023,ME-Sagadahoc,9004.71,4005.0
22107,Tensas,LA,18.1,22107,LA-Tensas,12302.02,546.0
55011,Buffalo,WI,9.4,55011,WI-Buffalo,10032.56,2101.0
18123,Perry,IN,11.1,18123,IN-Perry,12926.31,2606.0
45047,Greenwood,SC,13.0,45047,SC-Greenwood,11490.11,8622.0
04009,Graham,AZ,10.9,04009,AZ-Graham,9588.91,2490.0
45037,Edgefield,SC,13.6,45037,SC-Edgefield,11228.75,3061.0
54031,Hardy,WV,14.2,54031,WV-Hardy,9985.54,1998.0
39129,Pickaway,OH,11.1,39129,OH-Pickaway,11878.4,4092.0
39173,Wood,OH,10.2,39173,OH-Wood,10553.89,11606.0
28103,Noxubee,MS,18.0,28103,MS-Noxubee,13653.66,1256.0
38079,Rolette,ND,16.5,38079,ND-Rolette,12012.61,1654.0
30067,Park,MT,7.9,30067,MT-Park,9424.95,3545.0
49001,Beaver,UT,8.9,49001,UT-Beaver,9628.76,1126.0
39055,Geauga,OH,9.3,39055,OH-Geauga,10419.61,10302.0
33003,Carroll,NH,7.0,33003,NH-Carroll,9494.65,11142.0
38007,Billings,ND,9.2,38007,ND-Billings,6729.25,120.0
13183,Long,GA,13.0,13183,GA-Long,10311.44,884.0
29149,Oregon,MO,12.5,29149,MO-Oregon,10414.2,1271.0
12053,Hernando,FL,11.2,12053,FL-Hernando,14257.46,19339.0
31147,Richardson,NE,10.2,31147,NE-Richardson,12684.8,1894.0
51113,Madison,VA,10.2,51113,VA-Madison,8781.37,2307.0
26009,Antrim,MI,8.8,26009,MI-Antrim,9921.78,3213.0
19111,Lee,IA,10.0,19111,IA-Lee,10807.31,6571.0
20039,Decatur,KS,9.4,20039,KS-Decatur,13354.77,710.0
51570,Colonial Heights,VA,10.5,51570,VA-Colonial Heights City,12744.31,2502.0
12023,Columbia,FL,12.4,12023,FL-Columbia,11847.39,8026.0
17063,Grundy,IL,9.1,17063,IL-Grundy,12611.79,6320.0
08009,Baca,CO,10.0,08009,CO-Baca,14454.49,830.0
37015,Bertie,NC,14.9,37015,NC-Bertie,12114.06,2515.0
20007,Barber,KS,10.0,20007,KS-Barber,13818.04,1016.0
36021,Columbia,NY,8.5,36021,NY-Columbia,9946.38,8605.0
26165,Wexford,MI,10.3,26165,MI-Wexford,9405.03,3337.0
49019,Grand,UT,9.3,49019,UT-Grand,8448.41,1843.0
48141,El Paso,TX,15.3,48141,TX-El Paso,10726.79,29951.0
13263,Talbot,GA,16.0,13263,GA-Talbot,11761.79,531.0
36041,Hamilton,NY,8.5,36041,NY-Hamilton,8660.64,848.0
47139,Polk,TN,11.7,47139,TN-Polk,10655.27,2234.0
46129,Walworth,SD,10.2,46129,SD-Walworth,10267.92,1140.0
47101,Lewis,TN,11.9,47101,TN-Lewis,11216.09,1464.0
20145,Pawnee,KS,10.0,20145,KS-Pawnee,15290.05,1249.0
48039,Brazoria,TX,11.3,48039,TX-Brazoria,13948.5,20286.0
37181,Vance,NC,13.9,37181,NC-Vance,11169.64,3471.0
13161,Jeff Davis,GA,14.4,13161,GA-Jeff Davis,12510.89,1139.0
48069,Castro,TX,13.7,48069,TX-Castro,16982.14,663.0
06095,Solano,CA,10.5,06095,CA-Solano,10125.67,30755.0
20103,Leavenworth,KS,9.6,20103,KS-Leavenworth,11551.12,8899.0
01001,Autauga,AL,11.4,01001,AL-Autauga,12193.99,4194.0
23001,Androscoggin,ME,10.3,23001,ME-Androscoggin,9761.19,7856.0
45027,Clarendon,SC,15.0,45027,SC-Clarendon,11777.99,4320.0
18157,Tippecanoe,IN,11.6,18157,IN-Tippecanoe,11450.43,14089.0
16005,Bannock,ID,9.1,16005,ID-Bannock,10853.65,7529.0
17139,Moultrie,IL,9.5,17139,IL-Moultrie,12787.18,2090.0
35039,Rio Arriba,NM,13.7,35039,NM-Rio Arriba,8198.28,4059.0
26125,Oakland,MI,8.5,26125,MI-Oakland,12910.84,105804.0
37129,New Hanover,NC,9.2,37129,NC-New Hanover,10663.0,28742.0
37117,Martin,NC,13.1,37117,NC-Martin,12247.38,2978.0
02188,Northwest Arctic,AK,14.6,02188,AK-Northwest Arctic,17709.43,453.0
29129,Mercer,MO,11.8,29129,MO-Mercer,14354.63,531.0
29139,Montgomery,MO,10.9,29139,MO-Montgomery,10044.29,1431.0
31061,Franklin,NE,10.1,31061,NE-Franklin,12751.35,543.0
13187,Lumpkin,GA,10.8,13187,GA-Lumpkin,10709.41,3540.0
12063,Jackson,FL,13.1,12063,FL-Jackson,13697.02,5794.0
45091,York,SC,10.3,45091,SC-York,11067.34,27078.0
36051,Livingston,NY,8.5,36051,NY-Livingston,9668.95,3422.0
24013,Carroll,MD,8.5,24013,MD-Carroll,11788.74,25477.0
39065,Hardin,OH,11.9,39065,OH-Hardin,12106.18,3196.0
32003,Clark,NV,11.1,32003,NV-Clark,14028.66,142518.0
13039,Camden,GA,11.7,13039,GA-Camden,10893.65,5520.0
20175,Seward,KS,13.6,20175,KS-Seward,10931.19,1888.0
05117,Prairie,AR,11.3,05117,AR-Prairie,12137.54,1190.0
24035,Queen Anne's,MD,8.8,24035,MD-Queen Anne's,11244.41,9113.0
13273,Terrell,GA,17.3,13273,GA-Terrell,11709.59,691.0
22087,St. Bernard,LA,14.3,22087,LA-St. Bernard,14406.05,1746.0
47165,Sumner,TN,10.5,47165,TN-Sumner,12197.69,15213.0
16059,Lemhi,ID,8.6,16059,ID-Lemhi,9886.22,2681.0
53045,Mason,WA,9.2,53045,WA-Mason,9426.0,10424.0
18127,Porter,IN,10.6,18127,IN-Porter,12283.33,19881.0
50003,Bennington,VT,7.3,50003,VT-Bennington,9427.68,7009.0
55049,Iowa,WI,8.6,55049,WI-Iowa,8790.57,3251.0
37065,Edgecombe,NC,14.3,37065,NC-Edgecombe,12111.32,4892.0
41001,Baker,OR,9.8,41001,OR-Baker,8174.87,4570.0
39145,Scioto,OH,12.9,39145,OH-Scioto,14231.43,8405.0
51720,Norton,VA,13.1,51720,VA-Norton City,8495.93,362.0
29225,Webster,MO,10.6,29225,MO-Webster,11737.53,2437.0
28007,Attala,MS,13.9,28007,MS-Attala,13318.0,2240.0
05007,Benton,AR,9.8,05007,AR-Benton,11458.48,21736.0
39119,Muskingum,OH,12.0,39119,OH-Muskingum,12107.77,8979.0
17173,Shelby,IL,9.6,17173,IL-Shelby,11057.63,3793.0
18063,Hendricks,IN,9.9,18063,IN-Hendricks,11305.19,14022.0
26115,Monroe,MI,9.8,26115,MI-Monroe,12168.15,13987.0
36105,Sullivan,NY,10.0,36105,NY-Sullivan,11822.09,10348.0
06061,Placer,CA,7.9,06061,CA-Placer,10822.57,34740.0
08061,Kiowa,CO,8.3,08061,CO-Kiowa,16758.67,288.0
41043,Linn,OR,10.1,41043,OR-Linn,8805.33,10307.0
48195,Hansford,TX,12.3,48195,TX-Hansford,12819.12,640.0
29075,Gentry,MO,10.6,29075,MO-Gentry,12262.04,1140.0
48239,Jackson,TX,12.1,48239,TX-Jackson,14607.21,1659.0
47131,Obion,TN,13.0,47131,TN-Obion,13612.37,3961.0
46037,Day,SD,10.5,46037,SD-Day,10673.55,929.0
46065,Hughes,SD,9.0,46065,SD-Hughes,10236.59,2816.0
51183,Sussex,VA,14.4,51183,VA-Sussex,11945.38,1241.0
39035,Cuyahoga,OH,11.3,39035,OH-Cuyahoga,11307.78,94813.0
28081,Lee,MS,12.3,28081,MS-Lee,12270.25,11649.0
48505,Zapata,TX,20.1,48505,TX-Zapata,13095.32,628.0
35021,Harding,NM,12.4,35021,NM-Harding,10715.38,166.0
48269,King,TX,12.2,48269,TX-King,7539.5,14.0
30037,Golden Valley,MT,9.5,30037,MT-Golden Valley,10994.74,162.0
20209,Wyandotte,KS,13.9,20209,KS-Wyandotte,13713.93,8378.0
48005,Angelina,TX,13.0,48005,TX-Angelina,14324.1,8643.0
54095,Tyler,WV,12.8,54095,WV-Tyler,12667.52,976.0
51840,Winchester,VA,12.9,51840,VA-Winchester City,10751.61,3527.0
48131,Duval,TX,17.0,48131,TX-Duval,19747.69,745.0
48293,Limestone,TX,13.1,48293,TX-Limestone,13112.1,2419.0
27171,Wright,MN,8.2,27171,MN-Wright,11060.2,7513.0
28039,George,MS,11.7,28039,MS-George,10958.57,2608.0
08125,Yuma,CO,9.2,08125,CO-Yuma,10707.3,1770.0
51775,Salem,VA,10.4,51775,VA-Salem City,10938.84,3733.0
29169,Pulaski,MO,10.9,29169,MO-Pulaski,10154.52,4118.0
37095,Hyde,NC,13.3,37095,NC-Hyde,9966.19,616.0
55099,Price,WI,10.0,55099,WI-Price,8932.73,2197.0
18085,Kosciusko,IN,10.9,18085,IN-Kosciusko,10655.79,6105.0
29119,McDonald,MO,13.5,29119,MO-McDonald,11168.5,1731.0
48305,Lynn,TX,13.4,48305,TX-Lynn,15569.25,503.0
38045,LaMoure,ND,8.8,38045,ND-LaMoure,10802.46,576.0
01011,Bullock,AL,21.3,01011,AL-Bullock,14896.84,552.0
31145,Red Willow,NE,9.6,31145,NE-Red Willow,11023.61,2249.0
55119,Taylor,WI,9.5,55119,WI-Taylor,9484.35,1791.0
19165,Shelby,IA,9.3,19165,IA-Shelby,12801.52,2362.0
54039,Kanawha,WV,12.4,54039,WV-Kanawha,11899.7,17347.0
24023,Garrett,MD,10.4,24023,MD-Garrett,10825.64,5847.0
13123,Gilmer,GA,10.8,13123,GA-Gilmer,11052.37,5034.0
05017,Chicot,AR,16.1,05017,AR-Chicot,14194.97,1211.0
39109,Miami,OH,10.3,39109,OH-Miami,11882.01,10741.0
08005,Arapahoe,CO,8.0,08005,CO-Arapahoe,11970.85,34627.0
29215,Texas,MO,12.7,29215,MO-Texas,10242.35,3623.0
39139,Richland,OH,12.1,39139,OH-Richland,11645.56,13641.0
51033,Caroline,VA,12.0,51033,VA-Caroline,11800.74,3427.0
22055,Lafayette,LA,11.9,22055,LA-Lafayette,12586.54,24897.0
12115,Sarasota,FL,8.4,12115,FL-Sarasota,12762.46,88197.0
26073,Isabella,MI,11.6,26073,MI-Isabella,10653.98,4713.0
19175,Union,IA,9.8,19175,IA-Union,12364.46,2097.0
13105,Elbert,GA,13.3,13105,GA-Elbert,12114.29,2046.0
17117,Macoupin,IL,9.9,17117,IL-Macoupin,11515.31,6653.0
13249,Schley,GA,12.1,13249,GA-Schley,9146.63,241.0
46035,Davison,SD,9.9,46035,SD-Davison,8995.68,2751.0
37159,Rowan,NC,10.8,37159,NC-Rowan,11247.26,10590.0
34035,Somerset,NJ,8.5,34035,NJ-Somerset,11537.47,33194.0
51069,Frederick,VA,9.6,51069,VA-Frederick,10010.29,12106.0
29097,Jasper,MO,11.5,29097,MO-Jasper,12031.06,11744.0
17035,Cumberland,IL,9.2,17035,IL-Cumberland,11662.83,1498.0
31073,Gosper,NE,9.0,31073,NE-Gosper,11061.68,393.0
08047,Gilpin,CO,7.3,08047,CO-Gilpin,8698.7,463.0
17161,Rock Island,IL,10.8,17161,IL-Rock Island,11404.55,12055.0
26145,Saginaw,MI,11.6,26145,MI-Saginaw,12697.84,14463.0
06031,Kings,CA,12.9,06031,CA-Kings,11252.28,10816.0
17001,Adams,IL,9.6,17001,IL-Adams,10886.11,9151.0
28069,Kemper,MS,15.8,28069,MS-Kemper,16775.73,1113.0
19141,O'Brien,IA,10.0,19141,IA-O'Brien,10430.37,2785.0
22117,Washington,LA,14.9,22117,LA-Washington,17953.84,4070.0
29003,Andrew,MO,9.2,29003,MO-Andrew,11380.52,2776.0
29025,Caldwell,MO,10.3,29025,MO-Caldwell,11203.22,1211.0
01021,Chilton,AL,12.0,01021,AL-Chilton,13793.8,2500.0
40125,Pottawatomie,OK,11.5,40125,OK-Pottawatomie,13170.38,8079.0
31099,Kearney,NE,8.5,31099,NE-Kearney,14030.46,1020.0
54049,Marion,WV,12.6,54049,WV-Marion,12955.71,5530.0
34025,Monmouth,NJ,7.8,34025,NJ-Monmouth,13228.89,82384.0
28047,Harrison,MS,12.3,28047,MS-Harrison,12717.13,21479.0
31031,Cherry,NE,10.1,31031,NE-Cherry,11608.85,1296.0
30017,Custer,MT,8.5,30017,MT-Custer,10748.29,2221.0
12127,Volusia,FL,10.3,12127,FL-Volusia,13522.3,59303.0
12125,Union,FL,12.9,12125,FL-Union,14398.1,1148.0
01113,Russell,AL,15.3,01113,AL-Russell,11794.75,4452.0
30111,Yellowstone,MT,8.2,30111,MT-Yellowstone,9853.57,20542.0
56001,Albany,WY,9.2,56001,WY-Albany,10740.45,4506.0
55003,Ashland,WI,10.8,55003,WI-Ashland,10512.82,2127.0
22045,Iberia,LA,14.7,22045,LA-Iberia,12874.57,6892.0
48165,Gaines,TX,12.3,48165,TX-Gaines,15277.15,1154.0
48325,Medina,TX,12.4,48325,TX-Medina,12489.55,4374.0
48433,Stonewall,TX,11.5,48433,TX-Stonewall,15419.43,278.0
32015,Lander,NV,11.1,32015,NV-Lander,8695.65,851.0
26155,Shiawassee,MI,9.9,26155,MI-Shiawassee,11125.23,5674.0
13293,Upson,GA,13.5,13293,GA-Upson,10548.16,2254.0
54023,Grant,WV,12.2,54023,WV-Grant,11184.4,1869.0
38087,Slope,ND,9.4,38087,ND-Slope,8865.57,118.0
56031,Platte,WY,9.6,56031,WY-Platte,10990.23,1979.0
05061,Howard,AR,12.5,05061,AR-Howard,14106.03,1813.0
51530,Buena Vista,VA,11.9,51530,VA-Buena Vista City,12912.7,833.0
54103,Wetzel,WV,12.8,54103,WV-Wetzel,11768.13,1643.0
31159,Seward,NE,8.3,31159,NE-Seward,12922.64,2421.0
36075,Oswego,NY,9.4,36075,NY-Oswego,11615.49,9427.0
13227,Pickens,GA,10.3,13227,GA-Pickens,10949.46,4959.0
40103,Noble,OK,10.5,40103,OK-Noble,12352.72,1794.0
22099,St. Martin,LA,13.1,22099,LA-St. Martin,12772.07,5277.0
38015,Burleigh,ND,8.1,38015,ND-Burleigh,10282.25,10824.0
19013,Black Hawk,IA,10.8,19013,IA-Black Hawk,10389.52,13158.0
44007,Providence,RI,10.6,44007,RI-Providence,10962.8,34335.0
18033,DeKalb,IN,10.8,18033,IN-DeKalb,11899.31,2963.0
47037,Davidson,TN,11.7,47037,TN-Davidson,12475.94,34808.0
51678,Lexington,VA,10.5,51678,VA-Lexington City,12703.91,1044.0
26085,Lake,MI,12.5,26085,MI-Lake,10529.46,1320.0
40017,Canadian,OK,9.9,40017,OK-Canadian,13258.03,13717.0
47009,Blount,TN,10.6,47009,TN-Blount,11039.47,13709.0
36085,Richmond,NY,10.1,36085,NY-Richmond,13506.74,42732.0
48377,Presidio,TX,17.8,48377,TX-Presidio,8197.14,854.0
13169,Jones,GA,12.0,13169,GA-Jones,12720.49,2218.0
26001,Alcona,MI,9.9,26001,MI-Alcona,10249.0,1862.0
19047,Crawford,IA,12.2,19047,IA-Crawford,11769.38,2489.0
27023,Chippewa,MN,10.1,27023,MN-Chippewa,11053.58,1606.0
47093,Knox,TN,11.1,47093,TN-Knox,11443.28,39157.0
48205,Hartley,TX,10.8,48205,TX-Hartley,11442.65,404.0
56003,Big Horn,WY,9.8,56003,WY-Big Horn,11847.88,2653.0
40071,Kay,OK,11.9,40071,OK-Kay,12797.31,6109.0
26055,Grand Traverse,MI,8.4,26055,MI-Grand Traverse,9644.21,8450.0
17203,Woodford,IL,8.6,17203,IL-Woodford,9825.64,5075.0
37055,Dare,NC,8.1,37055,NC-Dare,9452.45,7560.0
37193,Wilkes,NC,10.7,37193,NC-Wilkes,11913.94,5621.0
47059,Greene,TN,12.1,47059,TN-Greene,11008.6,7516.0
32027,Pershing,NV,10.3,32027,NV-Pershing,12788.01,976.0
27053,Hennepin,MN,7.4,27053,MN-Hennepin,11477.34,67678.0
18097,Marion,IN,12.8,18097,IN-Marion,12265.55,56883.0
20047,Edwards,KS,11.1,20047,KS-Edwards,14395.38,661.0
30081,Ravalli,MT,7.3,30081,MT-Ravalli,8612.06,9408.0
48111,Dallam,TX,14.6,48111,TX-Dallam,11464.95,522.0
51169,Scott,VA,12.1,51169,VA-Scott,10734.14,1928.0
20111,Lyon,KS,11.2,20111,KS-Lyon,12098.49,4486.0
37125,Moore,NC,8.9,37125,NC-Moore,10688.39,14121.0
51047,Culpeper,VA,10.9,51047,VA-Culpeper,10020.67,6639.0
12039,Gadsden,FL,15.6,12039,FL-Gadsden,12611.37,2548.0
38101,Ward,ND,8.8,38101,ND-Ward,10168.63,6997.0
13303,Washington,GA,15.9,13303,GA-Washington,11338.25,1535.0
27077,Lake of the Woods,MN,8.9,27077,MN-Lake of the Woods,11112.63,475.0
05083,Logan,AR,11.3,05083,AR-Logan,11577.2,2730.0
40027,Cleveland,OK,10.7,40027,OK-Cleveland,12796.78,27312.0
29045,Clark,MO,11.3,29045,MO-Clark,11164.69,1159.0
25007,Dukes,MA,7.3,25007,MA-Dukes,12001.05,4672.0
20081,Haskell,KS,11.5,20081,KS-Haskell,14419.78,523.0
45085,Sumter,SC,13.8,45085,SC-Sumter,12050.99,11376.0
28111,Perry,MS,13.4,28111,MS-Perry,15632.77,1452.0
17147,Piatt,IL,8.4,17147,IL-Piatt,11948.7,1610.0
48101,Cottle,TX,13.9,48101,TX-Cottle,10842.97,217.0
19077,Guthrie,IA,9.1,19077,IA-Guthrie,11516.57,1843.0
05125,Saline,AR,9.5,05125,AR-Saline,12317.67,14916.0
13031,Bulloch,GA,12.9,13031,GA-Bulloch,12712.07,4882.0
24003,Anne Arundel,MD,9.1,24003,MD-Anne Arundel,11438.75,72018.0
31181,Webster,NE,9.8,31181,NE-Webster,11208.96,596.0
55109,St. Croix,WI,8.1,55109,WI-St. Croix,10668.86,7841.0
20017,Chase,KS,10.8,20017,KS-Chase,12009.82,529.0
05147,Woodruff,AR,13.7,05147,AR-Woodruff,13504.34,919.0
36011,Cayuga,NY,9.3,36011,NY-Cayuga,11093.47,7779.0
41013,Crook,OR,9.2,41013,OR-Crook,9802.42,4237.0
45061,Lee,SC,16.9,45061,SC-Lee,11858.42,1740.0
48399,Runnels,TX,11.8,48399,TX-Runnels,17482.01,1714.0
53037,Kittitas,WA,8.9,53037,WA-Kittitas,8575.29,7151.0
39003,Allen,OH,12.2,39003,OH-Allen,12288.34,10728.0
47005,Benton,TN,12.6,47005,TN-Benton,12046.66,2445.0
37045,Cleveland,NC,11.2,37045,NC-Cleveland,11092.39,9538.0
47123,Monroe,TN,12.2,47123,TN-Monroe,11272.92,4932.0
26021,Berrien,MI,10.7,26021,MI-Berrien,10638.89,15816.0
22025,Catahoula,LA,15.0,22025,LA-Catahoula,13431.29,1216.0
48479,Webb,TX,16.8,48479,TX-Webb,12935.99,12012.0
48047,Brooks,TX,18.2,48047,TX-Brooks,15912.93,471.0
34013,Essex,NJ,11.0,34013,NJ-Essex,13077.67,47837.0
01085,Lowndes,AL,19.4,01085,AL-Lowndes,12449.06,641.0
53063,Spokane,WA,9.1,53063,WA-Spokane,10122.92,45790.0
41035,Klamath,OR,11.2,41035,OR-Klamath,8264.66,10500.0
08085,Montrose,CO,8.5,08085,CO-Montrose,8484.22,6915.0
27151,Swift,MN,10.1,27151,MN-Swift,12001.08,1266.0
29183,St. Charles,MO,8.8,29183,MO-St. Charles,12840.55,28586.0
18167,Vigo,IN,12.8,18167,IN-Vigo,13212.65,11834.0
28077,Lawrence,MS,15.2,28077,MS-Lawrence,17397.45,1762.0
18021,Clay,IN,11.5,18021,IN-Clay,12784.5,3439.0
38057,Mercer,ND,9.1,38057,ND-Mercer,10059.92,1312.0
19101,Jefferson,IA,10.1,19101,IA-Jefferson,10231.33,2579.0
13059,Clarke,GA,13.3,13059,GA-Clarke,11431.06,7787.0
01049,DeKalb,AL,13.3,01049,AL-DeKalb,11990.12,6659.0
20167,Russell,KS,10.2,20167,KS-Russell,13186.37,1554.0
19189,Winnebago,IA,9.3,19189,IA-Winnebago,10367.71,2041.0
55079,Milwaukee,WI,12.4,55079,WI-Milwaukee,12700.95,46151.0
30027,Fergus,MT,8.4,30027,MT-Fergus,7747.34,2042.0
38037,Grant,ND,10.3,38037,ND-Grant,10514.46,405.0
37087,Haywood,NC,9.2,37087,NC-Haywood,11457.04,8912.0
30101,Toole,MT,10.3,30101,MT-Toole,8527.48,829.0
30091,Sheridan,MT,8.4,30091,MT-Sheridan,12378.57,871.0
37059,Davie,NC,9.2,37059,NC-Davie,11767.59,3639.0
51137,Orange,VA,10.2,51137,VA-Orange,10443.38,5893.0
27087,Mahnomen,MN,14.0,27087,MN-Mahnomen,13036.31,576.0
30003,Big Horn,MT,13.8,30003,MT-Big Horn,13413.25,1161.0
27141,Sherburne,MN,8.3,27141,MN-Sherburne,11115.69,5439.0
08111,San Juan,CO,7.8,08111,CO-San Juan,8510.98,137.0
39075,Holmes,OH,11.7,39075,OH-Holmes,8960.27,2359.0
56041,Uinta,WY,9.3,56041,WY-Uinta,9799.05,2727.0
31137,Phelps,NE,9.4,31137,NE-Phelps,13725.76,1654.0
28145,Union,MS,12.3,28145,MS-Union,12136.66,4273.0
10005,Sussex,DE,9.8,10005,DE-Sussex,11160.23,57892.0
40081,Lincoln,OK,11.4,40081,OK-Lincoln,14168.47,4038.0
16025,Camas,ID,8.4,16025,ID-Camas,12015.12,175.0
27101,Murray,MN,9.1,27101,MN-Murray,11730.29,1526.0
47173,Union,TN,11.7,47173,TN-Union,9151.1,1374.0
46075,Jones,SD,10.1,46075,SD-Jones,8127.3,192.0
39045,Fairfield,OH,10.4,39045,OH-Fairfield,11403.42,11377.0
51009,Amherst,VA,11.8,51009,VA-Amherst,10795.71,4563.0
29089,Howard,MO,10.1,29089,MO-Howard,10167.0,1188.0
37151,Randolph,NC,10.9,37151,NC-Randolph,10896.39,7552.0
50025,Windham,VT,7.2,50025,VT-Windham,9202.55,8386.0
13097,Douglas,GA,12.7,13097,GA-Douglas,13189.21,7460.0
35011,De Baca,NM,10.9,35011,NM-De Baca,9084.89,359.0
40007,Beaver,OK,11.3,40007,OK-Beaver,11872.33,754.0
01075,Lamar,AL,12.9,01075,AL-Lamar,12975.83,2107.0
37025,Cabarrus,NC,9.9,37025,NC-Cabarrus,11338.2,13257.0
29067,Douglas,MO,11.3,29067,MO-Douglas,11035.47,656.0
26065,Ingham,MI,10.6,26065,MI-Ingham,11909.45,15137.0
31095,Jefferson,NE,9.8,31095,NE-Jefferson,11704.91,1312.0
48013,Atascosa,TX,14.0,48013,TX-Atascosa,14248.93,2981.0
46085,Lyman,SD,13.2,46085,SD-Lyman,7920.9,486.0
53007,Chelan,WA,8.7,53007,WA-Chelan,10041.53,11326.0
25019,Nantucket,MA,7.2,25019,MA-Nantucket,10217.57,1946.0
30047,Lake,MT,9.3,30047,MT-Lake,8585.23,5633.0
28159,Winston,MS,15.7,28159,MS-Winston,13419.84,2657.0
01051,Elmore,AL,11.4,01051,AL-Elmore,11974.14,6831.0
26043,Dickinson,MI,9.3,26043,MI-Dickinson,9655.21,3465.0
51099,King George,VA,10.3,51099,VA-King George,11701.86,2816.0
36115,Washington,NY,8.6,36115,NY-Washington,10008.89,5574.0
17109,McDonough,IL,10.8,17109,IL-McDonough,10328.98,3025.0
08023,Costilla,CO,12.1,08023,CO-Costilla,8766.53,530.0
48259,Kendall,TX,8.8,48259,TX-Kendall,11969.4,6846.0
13001,Appling,GA,14.6,13001,GA-Appling,12125.63,1496.0
30057,Madison,MT,7.3,30057,MT-Madison,8884.89,2104.0
56023,Lincoln,WY,8.9,56023,WY-Lincoln,10954.08,3494.0
01105,Perry,AL,20.5,01105,AL-Perry,11012.13,698.0
28013,Calhoun,MS,14.6,28013,MS-Calhoun,13223.11,2349.0
18051,Gibson,IN,10.8,18051,IN-Gibson,12053.38,4110.0
26109,Menominee,MI,9.9,26109,MI-Menominee,9078.88,3040.0
01029,Cleburne,AL,11.7,01029,AL-Cleburne,12218.37,1704.0
31107,Knox,NE,10.3,31107,NE-Knox,10451.48,1422.0
48157,Fort Bend,TX,11.1,48157,TX-Fort Bend,13484.58,43502.0
45021,Cherokee,SC,12.9,45021,SC-Cherokee,10995.86,5387.0
51510,Alexandria,VA,9.8,51510,VA-Alexandria City,10547.87,10545.0
54073,Pleasants,WV,12.2,54073,WV-Pleasants,10485.78,910.0
16035,Clearwater,ID,9.2,16035,ID-Clearwater,8851.49,2625.0
34033,Salem,NJ,9.7,34033,NJ-Salem,14006.26,7941.0
28055,Issaquena,MS,17.8,28055,MS-Issaquena,9124.59,135.0
48423,Smith,TX,11.7,48423,TX-Smith,13703.92,23384.0
50015,Lamoille,VT,6.8,50015,VT-Lamoille,9671.52,3787.0
37187,Washington,NC,14.8,37187,NC-Washington,12165.61,1643.0
48463,Uvalde,TX,14.6,48463,TX-Uvalde,11278.25,2301.0
38095,Towner,ND,10.4,38095,ND-Towner,12100.55,456.0
05145,White,AR,10.9,05145,AR-White,12697.0,9780.0
48349,Navarro,TX,13.5,48349,TX-Navarro,13580.91,4980.0
32023,Nye,NV,10.9,32023,NV-Nye,11987.04,5910.0
31009,Blaine,NE,9.4,31009,NE-Blaine,10726.94,110.0
26131,Ontonagon,MI,10.1,26131,MI-Ontonagon,7965.03,1294.0
55135,Waupaca,WI,10.0,55135,WI-Waupaca,9662.3,4002.0
48285,Lavaca,TX,11.1,48285,TX-Lavaca,14395.43,3564.0
18041,Fayette,IN,12.3,18041,IN-Fayette,12001.19,3603.0
45043,Georgetown,SC,11.6,45043,SC-Georgetown,11263.87,12194.0
18173,Warrick,IN,9.5,18173,IN-Warrick,13597.84,7366.0
54107,Wood,WV,13.0,54107,WV-Wood,12408.26,11078.0
12101,Pasco,FL,10.3,12101,FL-Pasco,14173.72,43044.0
13235,Pulaski,GA,13.8,13235,GA-Pulaski,13555.93,963.0
36083,Rensselaer,NY,8.5,36083,NY-Rensselaer,11164.55,12238.0
55027,Dodge,WI,9.2,55027,WI-Dodge,9318.11,8831.0
04025,Yavapai,AZ,8.0,04025,AZ-Yavapai,9921.69,49328.0
48369,Parmer,TX,13.5,48369,TX-Parmer,14276.67,986.0
37031,Carteret,NC,8.7,37031,NC-Carteret,10176.36,12840.0
47143,Rhea,TN,12.8,47143,TN-Rhea,11871.92,3663.0
41015,Curry,OR,9.9,41015,OR-Curry,8561.75,7448.0
27029,Clearwater,MN,10.0,27029,MN-Clearwater,11917.95,867.0
47029,Cocke,TN,13.2,47029,TN-Cocke,10796.44,3488.0
36061,New York,NY,8.4,36061,NY-New York,12627.32,125857.0
26063,Huron,MI,10.1,26063,MI-Huron,13027.46,4778.0
16069,Nez Perce,ID,8.8,16069,ID-Nez Perce,9855.15,6601.0
27015,Brown,MN,9.0,27015,MN-Brown,11577.91,3625.0
17045,Edgar,IL,10.2,17045,IL-Edgar,13400.64,2754.0
19095,Iowa,IA,9.1,19095,IA-Iowa,10253.15,2423.0
29053,Cooper,MO,10.0,29053,MO-Cooper,11593.56,1998.0
20055,Finney,KS,12.9,20055,KS-Finney,10802.89,3885.0
18007,Benton,IN,11.9,18007,IN-Benton,12378.94,1070.0
18105,Monroe,IN,11.0,18105,IN-Monroe,10865.47,12316.0
19023,Butler,IA,9.5,19023,IA-Butler,12191.28,2602.0
05027,Columbia,AR,13.5,05027,AR-Columbia,12866.15,3004.0
12047,Hamilton,FL,14.7,12047,FL-Hamilton,13872.15,1424.0
48317,Martin,TX,11.5,48317,TX-Martin,14293.17,443.0
56011,Crook,WY,8.4,56011,WY-Crook,8923.09,1514.0
35055,Taos,NM,10.7,35055,NM-Taos,8415.76,5181.0
26161,Washtenaw,MI,8.6,26161,MI-Washtenaw,10402.4,29525.0
26093,Livingston,MI,7.6,26093,MI-Livingston,11134.8,17591.0
40105,Nowata,OK,12.3,40105,OK-Nowata,12627.43,1324.0
29185,St. Clair,MO,11.8,29185,MO-St. Clair,12106.21,1223.0
28105,Oktibbeha,MS,13.9,28105,MS-Oktibbeha,12001.98,4764.0
48075,Childress,TX,12.0,48075,TX-Childress,13435.41,702.0
55081,Monroe,WI,10.4,55081,WI-Monroe,9376.18,5457.0
47117,Marshall,TN,11.7,47117,TN-Marshall,11534.38,3109.0
36005,Bronx,NY,14.8,36005,NY-Bronx,14155.83,49701.0
51161,Roanoke,VA,9.5,51161,VA-Roanoke,10451.09,14574.0
20089,Jewell,KS,10.7,20089,KS-Jewell,18198.27,772.0
12073,Leon,FL,11.3,12073,FL-Leon,11682.51,15281.0
23025,Somerset,ME,10.4,23025,ME-Somerset,9794.54,5498.0
38001,Adams,ND,9.8,38001,ND-Adams,11855.73,481.0
47073,Hawkins,TN,12.4,47073,TN-Hawkins,10438.91,4280.0
48359,Oldham,TX,11.3,48359,TX-Oldham,10531.77,249.0
39163,Vinton,OH,12.3,39163,OH-Vinton,11069.58,1279.0
06019,Fresno,CA,12.4,06019,CA-Fresno,12109.81,64547.0
28119,Quitman,MS,19.5,28119,MS-Quitman,13186.9,680.0
22035,East Carroll,LA,21.3,22035,LA-East Carroll,17419.86,574.0
54101,Webster,WV,14.1,54101,WV-Webster,9812.75,910.0
20119,Meade,KS,10.3,20119,KS-Meade,13843.29,688.0
48443,Terrell,TX,10.4,48443,TX-Terrell,9754.0,121.0
48093,Comanche,TX,11.4,48093,TX-Comanche,13323.55,2117.0
48335,Mitchell,TX,13.5,48335,TX-Mitchell,11758.44,734.0
45077,Pickens,SC,11.4,45077,SC-Pickens,11970.03,12647.0
13311,White,GA,10.1,13311,GA-White,11611.89,3281.0
13145,Harris,GA,9.9,13145,GA-Harris,10521.36,3832.0
05091,Miller,AR,13.1,05091,AR-Miller,13106.16,4959.0
29121,Macon,MO,9.9,29121,MO-Macon,11463.84,2671.0
46115,Spink,SD,9.5,46115,SD-Spink,12318.3,1054.0
37061,Duplin,NC,12.7,37061,NC-Duplin,12241.28,4975.0
19053,Decatur,IA,10.6,19053,IA-Decatur,10539.52,1206.0
20025,Clark,KS,9.5,20025,KS-Clark,16606.37,425.0
16013,Blaine,ID,7.7,16013,ID-Blaine,9617.89,3986.0
55101,Racine,WI,10.4,55101,WI-Racine,12100.67,15393.0
35006,Cibola,NM,14.6,35006,NM-Cibola,9987.71,2097.0
48379,Rains,TX,10.3,48379,TX-Rains,13122.67,1701.0
17083,Jersey,IL,9.2,17083,IL-Jersey,10662.8,2931.0
19125,Marion,IA,8.7,19125,IA-Marion,10935.7,4851.0
37001,Alamance,NC,10.7,37001,NC-Alamance,11057.64,9640.0
27127,Redwood,MN,10.0,27127,MN-Redwood,11740.39,1914.0
51075,Goochland,VA,8.7,51075,VA-Goochland,10432.9,4536.0
40073,Kingfisher,OK,10.3,40073,OK-Kingfisher,14395.3,2007.0
46081,Lawrence,SD,8.8,46081,SD-Lawrence,9483.9,4313.0
29059,Dallas,MO,11.7,29059,MO-Dallas,12827.52,1352.0
06005,Amador,CA,8.6,06005,CA-Amador,9370.1,7560.0
01041,Crenshaw,AL,13.4,01041,AL-Crenshaw,11930.32,1170.0
22065,Madison,LA,19.6,22065,LA-Madison,17049.99,1003.0
26029,Charlevoix,MI,8.6,26029,MI-Charlevoix,9742.11,3657.0
39009,Athens,OH,12.6,39009,OH-Athens,10835.86,5099.0
48055,Caldwell,TX,13.5,48055,TX-Caldwell,15567.93,3387.0
27007,Beltrami,MN,10.2,27007,MN-Beltrami,11602.05,4716.0
31097,Johnson,NE,10.1,31097,NE-Johnson,13752.5,770.0
13067,Cobb,GA,10.1,13067,GA-Cobb,11541.71,49069.0
19159,Ringgold,IA,9.1,19159,IA-Ringgold,13523.65,1011.0
36121,Wyoming,NY,9.0,36121,NY-Wyoming,9654.11,2645.0
48487,Wilbarger,TX,14.2,48487,TX-Wilbarger,17093.07,1504.0
28153,Wayne,MS,15.0,28153,MS-Wayne,14888.72,2337.0
01093,Marion,AL,12.3,01093,AL-Marion,13038.49,3819.0
30019,Daniels,MT,8.2,30019,MT-Daniels,13021.97,444.0
20159,Rice,KS,10.0,20159,KS-Rice,13584.57,1758.0
02240,Southeast Fairbanks,AK,9.0,02240,AK-Southeast Fairbanks,6465.44,1276.0
46021,Campbell,SD,9.1,46021,SD-Campbell,8555.63,311.0
17019,Champaign,IL,10.6,17019,IL-Champaign,11396.26,11053.0
27063,Jackson,MN,8.9,27063,MN-Jackson,11209.6,1456.0
29175,Randolph,MO,11.0,29175,MO-Randolph,11536.29,3086.0
08077,Mesa,CO,8.1,08077,CO-Mesa,8977.41,18618.0
18143,Scott,IN,11.8,18143,IN-Scott,13030.35,2617.0
31171,Thomas,NE,8.3,31171,NE-Thomas,9461.06,176.0
27165,Watonwan,MN,10.4,27165,MN-Watonwan,11313.97,1332.0
19181,Warren,IA,8.4,19181,IA-Warren,10760.08,5696.0
55073,Marathon,WI,8.8,55073,WI-Marathon,9940.59,9932.0
13057,Cherokee,GA,9.5,13057,GA-Cherokee,12169.01,23433.0
22001,Acadia,LA,14.3,22001,LA-Acadia,14488.8,7147.0
48221,Hood,TX,9.2,48221,TX-Hood,11644.69,9262.0
51640,Galax,VA,13.9,51640,VA-Galax City,12194.13,1189.0
12007,Bradford,FL,12.4,12007,FL-Bradford,13290.03,2862.0
37079,Greene,NC,14.3,37079,NC-Greene,9577.51,1698.0
05081,Little River,AR,12.4,05081,AR-Little River,13579.75,1787.0
29167,Polk,MO,11.2,29167,MO-Polk,11740.11,2553.0
54043,Lincoln,WV,14.4,54043,WV-Lincoln,11421.6,1722.0
47181,Wayne,TN,12.8,47181,TN-Wayne,12998.12,1881.0
48413,Schleicher,TX,11.9,48413,TX-Schleicher,15933.29,379.0
06083,Santa Barbara,CA,10.3,06083,CA-Santa Barbara,10417.38,59541.0
47053,Gibson,TN,12.5,47053,TN-Gibson,12258.92,6419.0
40051,Grady,OK,10.3,40051,OK-Grady,13617.62,6716.0
38065,Oliver,ND,8.3,38065,ND-Oliver,9556.27,266.0
30083,Richland,MT,7.7,30083,MT-Richland,10889.0,1892.0
08087,Morgan,CO,9.9,08087,CO-Morgan,9928.74,3130.0
33015,Rockingham,NH,7.1,33015,NH-Rockingham,10291.13,45288.0
13121,Fulton,GA,10.7,13121,GA-Fulton,11871.06,53319.0
35033,Mora,NM,12.7,35033,NM-Mora,8406.15,738.0
29019,Boone,MO,10.1,29019,MO-Boone,10404.91,13800.0
01115,St. Clair,AL,10.9,01115,AL-St. Clair,13267.78,5815.0
53071,Walla Walla,WA,9.2,53071,WA-Walla Walla,8763.23,9291.0
09180,Southeastern Connecticut,CT,8.8,09180,CT-Southeastern Connecticut,12266.04,23535.0
27093,Meeker,MN,9.4,27093,MN-Meeker,9966.59,1238.0
37143,Perquimans,NC,10.7,37143,NC-Perquimans,11101.15,2530.0
02105,Hoonah-Angoon,AK,10.4,02105,AK-Hoonah-Angoon,10412.02,490.0
36091,Saratoga,NY,7.6,36091,NY-Saratoga,10156.78,20170.0
34005,Burlington,NJ,8.7,34005,NJ-Burlington,12853.13,47733.0
51065,Fluvanna,VA,9.9,51065,VA-Fluvanna,10000.52,4554.0
46051,Grant,SD,9.4,46051,SD-Grant,11247.25,969.0
48017,Bailey,TX,14.3,48017,TX-Bailey,14752.76,681.0
08031,Denver,CO,7.8,08031,CO-Denver,11465.5,28538.0
25027,Worcester,MA,9.0,25027,MA-Worcester,11644.76,81303.0
36035,Fulton,NY,9.5,36035,NY-Fulton,11534.72,4314.0
01059,Franklin,AL,13.9,01059,AL-Franklin,14045.07,3132.0
51017,Bath,VA,12.6,51017,VA-Bath,10037.02,967.0
38031,Foster,ND,8.7,38031,ND-Foster,10734.72,571.0
40091,McIntosh,OK,13.2,40091,OK-McIntosh,14487.6,3094.0
41025,Harney,OR,11.0,41025,OR-Harney,9617.79,1827.0
06059,Orange,CA,10.1,06059,CA-Orange,13249.71,204046.0
29009,Barry,MO,11.6,29009,MO-Barry,10643.15,3418.0
51810,Virginia Beach,VA,11.2,51810,VA-Virginia Beach City,11157.37,49590.0
41055,Sherman,OR,10.4,41055,OR-Sherman,8240.71,379.0
28025,Clay,MS,16.0,28025,MS-Clay,12265.47,2569.0
13175,Laurens,GA,13.9,13175,GA-Laurens,11920.82,4255.0
20069,Gray,KS,9.8,20069,KS-Gray,8894.4,982.0
48183,Gregg,TX,12.3,48183,TX-Gregg,14302.14,11603.0
37109,Lincoln,NC,9.1,37109,NC-Lincoln,11354.2,9220.0
13211,Morgan,GA,10.1,13211,GA-Morgan,12354.54,2014.0
05105,Perry,AR,10.8,05105,AR-Perry,11932.63,1445.0
28125,Sharkey,MS,19.6,28125,MS-Sharkey,14309.42,495.0
26139,Ottawa,MI,8.5,26139,MI-Ottawa,10649.88,11872.0
18115,Ohio,IN,10.5,18115,IN-Ohio,14570.71,695.0
31017,Brown,NE,9.9,31017,NE-Brown,10229.37,764.0
49033,Rich,UT,9.4,49033,UT-Rich,7085.48,292.0
45013,Beaufort,SC,9.3,45013,SC-Beaufort,10895.97,37825.0
31117,McPherson,NE,9.2,31117,NE-McPherson,13573.06,83.0
38071,Ramsey,ND,9.8,38071,ND-Ramsey,11090.16,2015.0
18181,White,IN,11.4,18181,IN-White,12171.99,3555.0
39121,Noble,OH,11.8,39121,OH-Noble,10117.65,1357.0
55055,Jefferson,WI,8.9,55055,WI-Jefferson,9488.61,9403.0
35027,Lincoln,NM,9.9,35027,NM-Lincoln,9872.12,3678.0
05135,Sharp,AR,11.7,05135,AR-Sharp,12457.05,3126.0
28095,Monroe,MS,13.5,28095,MS-Monroe,14112.46,5541.0
39091,Logan,OH,11.1,39091,OH-Logan,10977.45,5888.0
16077,Power,ID,10.6,16077,ID-Power,9977.41,824.0
27115,Pine,MN,10.1,27115,MN-Pine,10283.68,2133.0
54007,Braxton,WV,14.4,54007,WV-Braxton,10132.54,1390.0
13111,Fannin,GA,11.1,13111,GA-Fannin,10303.59,4632.0
37039,Cherokee,NC,10.1,37039,NC-Cherokee,9693.8,5193.0
49009,Daggett,UT,9.4,49009,UT-Daggett,8750.86,165.0
51153,Prince William,VA,10.8,51153,VA-Prince William,10473.17,30814.0
30065,Musselshell,MT,9.0,30065,MT-Musselshell,9665.61,1077.0
47079,Henry,TN,12.6,47079,TN-Henry,10923.14,5162.0
12109,St. Johns,FL,8.2,12109,FL-St. Johns,12682.72,40104.0
48251,Johnson,TX,11.0,48251,TX-Johnson,14256.17,11906.0
28031,Covington,MS,13.3,28031,MS-Covington,15768.43,2048.0
47043,Dickson,TN,10.8,47043,TN-Dickson,12370.6,4857.0
41053,Polk,OR,9.6,41053,OR-Polk,9337.21,5885.0
17053,Ford,IL,10.0,17053,IL-Ford,11044.05,1910.0
27037,Dakota,MN,8.4,27037,MN-Dakota,11533.78,25144.0
06049,Modoc,CA,10.3,06049,CA-Modoc,10427.79,2413.0
17099,LaSalle,IL,10.0,17099,IL-LaSalle,11088.28,15979.0
08015,Chaffee,CO,7.8,08015,CO-Chaffee,9789.54,3504.0
51121,Montgomery,VA,11.0,51121,VA-Montgomery,10541.45,8795.0
31053,Dodge,NE,10.0,31053,NE-Dodge,11918.66,5084.0
13195,Madison,GA,12.4,13195,GA-Madison,11261.46,2803.0
22043,Grant,LA,12.7,22043,LA-Grant,13369.27,2287.0
19087,Henry,IA,10.2,19087,IA-Henry,10873.8,3348.0
36057,Montgomery,NY,9.5,36057,NY-Montgomery,12482.81,3641.0
36069,Ontario,NY,8.1,36069,NY-Ontario,10405.97,6274.0
39155,Trumbull,OH,12.1,39155,OH-Trumbull,12574.44,18245.0
04017,Navajo,AZ,12.3,04017,AZ-Navajo,10917.74,14636.0
06103,Tehama,CA,10.6,06103,CA-Tehama,9297.4,11687.0
35059,Union,NM,11.8,35059,NM-Union,10574.36,700.0
51600,Fairfax,VA,10.2,51600,VA-Fairfax City,11884.91,2528.0
37173,Swain,NC,12.5,37173,NC-Swain,13037.96,2206.0
05019,Clark,AR,12.9,05019,AR-Clark,11151.97,2384.0
13255,Spalding,GA,13.6,13255,GA-Spalding,11532.28,5522.0
22073,Ouachita,LA,13.9,22073,LA-Ouachita,14065.44,13946.0
20095,Kingman,KS,9.6,20095,KS-Kingman,14010.63,1520.0
27135,Roseau,MN,9.2,27135,MN-Roseau,11094.68,1515.0
12055,Highlands,FL,12.6,12055,FL-Highlands,14266.82,15358.0
16043,Fremont,ID,9.0,16043,ID-Fremont,11608.93,1700.0
31043,Dakota,NE,11.9,31043,NE-Dakota,11003.72,1553.0
48031,Blanco,TX,9.2,48031,TX-Blanco,11026.09,2272.0
38085,Sioux,ND,20.1,38085,ND-Sioux,11980.38,243.0
37137,Pamlico,NC,10.4,37137,NC-Pamlico,9679.21,2594.0
48061,Cameron,TX,17.5,48061,TX-Cameron,13468.6,16521.0
19031,Cedar,IA,9.2,19031,IA-Cedar,9775.47,2515.0
02164,Lake and Peninsula,AK,12.6,02164,AK-Lake and Peninsula,8876.24,138.0
55089,Ozaukee,WI,7.8,55089,WI-Ozaukee,12089.53,9328.0
29195,Saline,MO,11.2,29195,MO-Saline,10536.78,2570.0
12065,Jefferson,FL,12.2,12065,FL-Jefferson,11064.96,1255.0
45035,Dorchester,SC,11.4,45035,SC-Dorchester,12256.71,16806.0
20153,Rawlins,KS,10.4,20153,KS-Rawlins,16648.89,643.0
48507,Zavala,TX,21.4,48507,TX-Zavala,13472.84,569.0
23009,Hancock,ME,8.1,23009,ME-Hancock,10532.15,7526.0
26101,Manistee,MI,9.9,26101,MI-Manistee,9898.95,3156.0
39057,Greene,OH,9.8,39057,OH-Greene,10941.75,15690.0
19061,Dubuque,IA,8.8,19061,IA-Dubuque,8983.54,8264.0
38051,McIntosh,ND,9.8,38051,ND-McIntosh,12955.4,485.0
20031,Coffey,KS,9.7,20031,KS-Coffey,11939.44,1554.0
13185,Lowndes,GA,13.4,13185,GA-Lowndes,10930.8,9647.0
17011,Bureau,IL,10.1,17011,IL-Bureau,9926.9,5617.0
47157,Shelby,TN,14.6,47157,TN-Shelby,12335.79,71180.0
20183,Smith,KS,9.2,20183,KS-Smith,13944.56,993.0
18135,Randolph,IN,11.5,18135,IN-Randolph,11995.53,3487.0
53021,Franklin,WA,11.3,53021,WA-Franklin,9878.01,7579.0
05071,Johnson,AR,12.4,05071,AR-Johnson,10138.45,2684.0
36027,Dutchess,NY,8.3,36027,NY-Dutchess,12095.58,33908.0
39027,Clinton,OH,11.2,39027,OH-Clinton,10743.46,3785.0
22109,Terrebonne,LA,13.2,22109,LA-Terrebonne,13203.81,8387.0
13017,Ben Hill,GA,16.0,13017,GA-Ben Hill,11311.48,1306.0
17181,Union,IL,10.9,17181,IL-Union,11015.76,2494.0
46009,Bon Homme,SD,10.7,46009,SD-Bon Homme,10659.05,1020.0
47015,Cannon,TN,11.9,47015,TN-Cannon,13517.96,1563.0
37073,Gates,NC,11.7,37073,NC-Gates,12074.36,1500.0
55041,Forest,WI,12.0,55041,WI-Forest,10090.52,1253.0
27123,Ramsey,MN,9.8,27123,MN-Ramsey,11852.62,28629.0
08069,Larimer,CO,6.9,08069,CO-Larimer,10477.97,33261.0
48187,Guadalupe,TX,11.6,48187,TX-Guadalupe,11739.31,15367.0
51025,Brunswick,VA,15.1,51025,VA-Brunswick,10692.39,2102.0
51083,Halifax,VA,14.3,51083,VA-Halifax,9958.41,5741.0
24043,Washington,MD,11.4,24043,MD-Washington,11447.32,23420.0
01123,Tallapoosa,AL,12.7,01123,AL-Tallapoosa,12274.67,4110.0
17075,Iroquois,IL,10.6,17075,IL-Iroquois,12024.81,4543.0
37009,Ashe,NC,9.9,37009,NC-Ashe,9769.64,4469.0
19173,Taylor,IA,10.0,19173,IA-Taylor,14063.36,1329.0
17191,Wayne,IL,10.5,17191,IL-Wayne,12179.39,2944.0
40115,Ottawa,OK,13.2,40115,OK-Ottawa,12503.52,3868.0
18071,Jackson,IN,11.6,18071,IN-Jackson,10216.17,4048.0
06069,San Benito,CA,10.5,06069,CA-San Benito,10726.15,6787.0
28089,Madison,MS,10.8,28089,MS-Madison,12023.25,12647.0
47107,McMinn,TN,12.4,47107,TN-McMinn,11099.1,6232.0
08095,Phillips,CO,9.6,08095,CO-Phillips,15230.94,921.0
50005,Caledonia,VT,7.7,50005,VT-Caledonia,9742.07,5211.0
20133,Neosho,KS,10.6,20133,KS-Neosho,12194.74,2534.0
19151,Pocahontas,IA,9.8,19151,IA-Pocahontas,12193.58,1413.0
36113,Warren,NY,8.3,36113,NY-Warren,10022.58,7261.0
47187,Williamson,TN,8.5,47187,TN-Williamson,11058.09,20425.0
34041,Warren,NJ,8.0,34041,NJ-Warren,12469.15,13640.0
54087,Roane,WV,14.5,54087,WV-Roane,10190.84,1547.0
48011,Armstrong,TX,9.4,48011,TX-Armstrong,13424.83,288.0
13131,Grady,GA,14.0,13131,GA-Grady,11509.83,2074.0
22009,Avoyelles,LA,15.2,22009,LA-Avoyelles,15123.37,4478.0
05041,Desha,AR,17.1,05041,AR-Desha,14113.42,1331.0
30045,Judith Basin,MT,9.0,30045,MT-Judith Basin,5753.52,382.0
46123,Tripp,SD,11.6,46123,SD-Tripp,12468.14,1129.0
18151,Steuben,IN,10.6,18151,IN-Steuben,10332.02,3074.0
46017,Buffalo,SD,18.7,46017,SD-Buffalo,13460.7,165.0
53051,Pend Oreille,WA,9.3,53051,WA-Pend Oreille,8213.55,3365.0
27157,Wabasha,MN,8.5,27157,MN-Wabasha,11663.37,2608.0
48497,Wise,TX,10.3,48497,TX-Wise,14922.25,6266.0
13015,Bartow,GA,10.8,13015,GA-Bartow,12045.43,8181.0
29083,Henry,MO,11.0,29083,MO-Henry,12994.65,2982.0
40009,Beckham,OK,12.4,40009,OK-Beckham,13958.64,3109.0
02195,Petersburg,AK,8.5,02195,AK-Petersburg,11123.1,813.0
27071,Koochiching,MN,9.3,27071,MN-Koochiching,9364.79,1319.0
05043,Drew,AR,13.5,05043,AR-Drew,12548.4,2139.0
17127,Massac,IL,10.8,17127,IL-Massac,12110.63,2594.0
38021,Dickey,ND,9.2,38021,ND-Dickey,12154.46,649.0
41065,Wasco,OR,10.9,41065,OR-Wasco,8170.29,4152.0
13047,Catoosa,GA,10.3,13047,GA-Catoosa,12281.97,6603.0
27059,Isanti,MN,8.8,27059,MN-Isanti,10782.61,2740.0
20197,Wabaunsee,KS,8.9,20197,KS-Wabaunsee,11186.73,1208.0
49043,Summit,UT,7.2,49043,UT-Summit,9733.34,3866.0
48229,Hudspeth,TX,17.4,48229,TX-Hudspeth,9266.07,224.0
28061,Jasper,MS,15.2,28061,MS-Jasper,12400.81,1975.0
05009,Boone,AR,10.4,05009,AR-Boone,10322.98,5631.0
39117,Morrow,OH,11.0,39117,OH-Morrow,11390.19,3389.0
48453,Travis,TX,9.5,48453,TX-Travis,12392.22,66458.0
06113,Yolo,CA,10.1,06113,CA-Yolo,9848.88,13612.0
28005,Amite,MS,15.1,28005,MS-Amite,13533.17,1805.0
37103,Jones,NC,12.7,37103,NC-Jones,12129.09,1350.0
13081,Crisp,GA,16.0,13081,GA-Crisp,11698.01,1473.0
24015,Cecil,MD,11.0,24015,MD-Cecil,12306.78,15103.0
49053,Washington,UT,8.8,49053,UT-Washington,11351.01,22199.0
53023,Garfield,WA,8.3,53023,WA-Garfield,13736.61,618.0
01003,Baldwin,AL,10.4,01003,AL-Baldwin,12513.63,23871.0
30001,Beaverhead,MT,8.4,30001,MT-Beaverhead,9843.21,1905.0
31083,Harlan,NE,9.0,31083,NE-Harlan,13957.48,671.0
26019,Benzie,MI,8.9,26019,MI-Benzie,10243.17,2333.0
08039,Elbert,CO,6.9,08039,CO-Elbert,10919.28,2528.0
19117,Lucas,IA,10.6,19117,IA-Lucas,11234.04,1346.0
46059,Hand,SD,8.8,46059,SD-Hand,10279.76,736.0
08093,Park,CO,7.2,08093,CO-Park,8284.25,2045.0
40043,Dewey,OK,11.0,40043,OK-Dewey,14466.75,891.0
29073,Gasconade,MO,10.0,29073,MO-Gasconade,10000.13,1760.0
13241,Rabun,GA,10.9,13241,GA-Rabun,10648.44,2912.0
13281,Towns,GA,10.3,13281,GA-Towns,10585.73,2789.0
09140,Naugatuck Valley,CT,8.8,09140,CT-Naugatuck Valley,12628.9,32667.0
02068,Denali,AK,7.7,02068,AK-Denali,5916.78,266.0
48389,Reeves,TX,17.5,48389,TX-Reeves,13524.27,1123.0
40145,Wagoner,OK,10.3,40145,OK-Wagoner,13438.08,7339.0
31081,Hamilton,NE,8.3,31081,NE-Hamilton,11919.95,1467.0
06039,Madera,CA,12.8,06039,CA-Madera,10912.02,11736.0
48123,DeWitt,TX,13.1,48123,TX-DeWitt,13597.92,2480.0
53057,Skagit,WA,8.5,53057,WA-Skagit,9694.65,17577.0
12117,Seminole,FL,9.8,12117,FL-Seminole,14293.94,34877.0
51133,Northumberland,VA,10.8,51133,VA-Northumberland,10873.41,3167.0
37167,Stanly,NC,10.5,37167,NC-Stanly,11237.76,5876.0
29159,Pettis,MO,10.8,29159,MO-Pettis,10698.19,4609.0
48477,Washington,TX,10.7,48477,TX-Washington,11234.57,5254.0
36067,Onondaga,NY,9.3,36067,NY-Onondaga,11165.78,33701.0
53001,Adams,WA,13.1,53001,WA-Adams,9255.27,1748.0
08123,Weld,CO,9.3,08123,CO-Weld,11222.29,20107.0
30103,Treasure,MT,8.3,30103,MT-Treasure,12560.08,152.0
30009,Carbon,MT,8.2,30009,MT-Carbon,8437.51,2073.0
51580,Covington,VA,13.4,51580,VA-Covington City,12513.47,930.0
38039,Griggs,ND,8.3,38039,ND-Griggs,10662.63,448.0
55097,Portage,WI,8.7,55097,WI-Portage,9890.47,6535.0
54037,Jefferson,WV,11.2,54037,WV-Jefferson,10219.09,6337.0
24025,Harford,MD,9.7,24025,MD-Harford,12135.02,35348.0
06093,Siskiyou,CA,9.9,06093,CA-Siskiyou,8401.77,12545.0
13129,Gordon,GA,12.2,13129,GA-Gordon,11456.26,5288.0
01013,Butler,AL,15.2,01013,AL-Butler,12283.78,1684.0
20061,Geary,KS,12.2,20061,KS-Geary,10933.12,2949.0
08007,Archuleta,CO,8.0,08007,CO-Archuleta,7809.73,2943.0
01121,Talladega,AL,14.2,01121,AL-Talladega,13560.26,6058.0
05011,Bradley,AR,14.3,05011,AR-Bradley,13260.45,1498.0
13251,Screven,GA,14.1,13251,GA-Screven,11156.59,1106.0
20105,Lincoln,KS,10.2,20105,KS-Lincoln,15794.49,724.0
13103,Effingham,GA,10.6,13103,GA-Effingham,10888.91,4554.0
51187,Warren,VA,10.7,51187,VA-Warren,10440.31,5370.0
40143,Tulsa,OK,10.8,40143,OK-Tulsa,13753.76,51398.0
17163,St. Clair,IL,11.2,17163,IL-St. Clair,12969.67,20715.0
47087,Jackson,TN,12.8,47087,TN-Jackson,11035.8,1636.0
08049,Grand,CO,7.2,08049,CO-Grand,8727.41,1806.0
13285,Troup,GA,13.3,13285,GA-Troup,12423.75,4976.0
31071,Garfield,NE,8.6,31071,NE-Garfield,12502.75,325.0
48099,Coryell,TX,11.5,48099,TX-Coryell,11152.29,5456.0
48243,Jeff Davis,TX,13.1,48243,TX-Jeff Davis,9667.55,398.0
28071,Lafayette,MS,11.8,28071,MS-Lafayette,12491.11,6881.0
17129,Menard,IL,9.0,17129,IL-Menard,11589.39,1414.0
13319,Wilkinson,GA,14.1,13319,GA-Wilkinson,11179.96,869.0
19005,Allamakee,IA,9.8,19005,IA-Allamakee,9056.78,2609.0
20071,Greeley,KS,9.3,20071,KS-Greeley,17433.33,272.0
02170,Matanuska-Susitna,AK,8.3,02170,AK-Matanuska-Susitna,8731.39,15882.0
26147,St. Clair,MI,9.5,26147,MI-St. Clair,12035.04,14814.0
06029,Kern,CA,13.3,06029,CA-Kern,12334.39,57204.0
24011,Caroline,MD,11.8,24011,MD-Caroline,11928.59,5188.0
46003,Aurora,SD,9.8,46003,SD-Aurora,10682.83,399.0
40063,Hughes,OK,13.4,40063,OK-Hughes,15047.41,1741.0
22077,Pointe Coupee,LA,13.3,22077,LA-Pointe Coupee,12910.48,1706.0
18125,Pike,IN,11.2,18125,IN-Pike,11025.56,1451.0
39147,Seneca,OH,11.1,39147,OH-Seneca,11288.75,7785.0
19039,Clarke,IA,11.6,19039,IA-Clarke,11268.71,1203.0
27045,Fillmore,MN,9.0,27045,MN-Fillmore,9207.32,2537.0
12119,Sumter,FL,9.1,12119,FL-Sumter,13016.81,37194.0
39005,Ashland,OH,11.2,39005,OH-Ashland,11043.41,5216.0
28135,Tallahatchie,MS,17.0,28135,MS-Tallahatchie,18008.94,1390.0
37047,Columbus,NC,12.8,37047,NC-Columbus,12196.52,5675.0
31105,Kimball,NE,10.9,31105,NE-Kimball,12898.11,899.0
39097,Madison,OH,10.8,39097,OH-Madison,10844.8,3210.0
34015,Gloucester,NJ,8.9,34015,NJ-Gloucester,13078.49,30390.0
48427,Starr,TX,20.5,48427,TX-Starr,17395.38,1857.0
06067,Sacramento,CA,10.3,06067,CA-Sacramento,10942.04,82927.0
12089,Nassau,FL,8.6,12089,FL-Nassau,11843.29,14435.0
26157,Tuscola,MI,10.1,26157,MI-Tuscola,12850.13,4839.0
13295,Walker,GA,11.1,13295,GA-Walker,12467.01,6842.0
41045,Malheur,OR,12.5,41045,OR-Malheur,9527.26,4161.0
55013,Burnett,WI,10.0,55013,WI-Burnett,9279.99,2945.0
48233,Hutchinson,TX,11.0,48233,TX-Hutchinson,13440.49,2370.0
04011,Greenlee,AZ,10.1,04011,AZ-Greenlee,8378.26,565.0
39077,Huron,OH,11.1,39077,OH-Huron,10845.94,6915.0
31161,Sheridan,NE,10.0,31161,NE-Sheridan,11937.32,1157.0
47133,Overton,TN,12.4,47133,TN-Overton,11196.94,3139.0
48193,Hamilton,TX,11.0,48193,TX-Hamilton,12202.1,1149.0
49025,Kane,UT,8.9,49025,UT-Kane,10142.69,1844.0
48271,Kinney,TX,13.2,48271,TX-Kinney,11326.57,500.0
33005,Cheshire,NH,7.5,33005,NH-Cheshire,9527.96,12296.0
51177,Spotsylvania,VA,11.1,51177,VA-Spotsylvania,12078.1,14303.0
18031,Decatur,IN,10.4,18031,IN-Decatur,12349.3,3128.0
36077,Otsego,NY,9.0,36077,NY-Otsego,10899.33,7786.0
46039,Deuel,SD,9.1,46039,SD-Deuel,10061.1,510.0
39033,Crawford,OH,11.5,39033,OH-Crawford,11566.94,5533.0
48499,Wood,TX,10.6,48499,TX-Wood,12642.24,7811.0
38017,Cass,ND,8.5,38017,ND-Cass,11156.86,15778.0
30073,Pondera,MT,10.5,30073,MT-Pondera,9632.49,1024.0
31149,Rock,NE,8.8,31149,NE-Rock,12143.6,317.0
19015,Boone,IA,8.9,19015,IA-Boone,10117.95,3846.0
54089,Summers,WV,14.3,54089,WV-Summers,10038.9,1685.0
22097,St. Landry,LA,15.7,22097,LA-St. Landry,13806.99,9648.0
26083,Keweenaw,MI,8.5,26083,MI-Keweenaw,9079.39,423.0
47023,Chester,TN,12.5,47023,TN-Chester,10653.28,1982.0
48297,Live Oak,TX,14.2,48297,TX-Live Oak,11167.43,1170.0
48129,Donley,TX,10.9,48129,TX-Donley,12119.26,547.0
12027,DeSoto,FL,14.7,12027,FL-DeSoto,13353.8,3431.0
48363,Palo Pinto,TX,11.6,48363,TX-Palo Pinto,13796.47,3654.0
46093,Meade,SD,8.6,46093,SD-Meade,10005.29,3379.0
27143,Sibley,MN,9.2,27143,MN-Sibley,10611.82,851.0
37017,Bladen,NC,12.7,37017,NC-Bladen,12515.21,2891.0
31135,Perkins,NE,9.0,31135,NE-Perkins,12475.29,579.0
20041,Dickinson,KS,9.3,20041,KS-Dickinson,12817.64,3593.0
20135,Ness,KS,9.9,20135,KS-Ness,19985.99,708.0
25009,Essex,MA,8.7,25009,MA-Essex,11993.68,96200.0
20009,Barton,KS,10.8,20009,KS-Barton,13884.3,4850.0
18095,Madison,IN,11.8,18095,IN-Madison,13047.19,11308.0
48153,Floyd,TX,14.4,48153,TX-Floyd,14515.91,605.0
46135,Yankton,SD,9.4,46135,SD-Yankton,10021.97,3399.0
48419,Shelby,TX,13.7,48419,TX-Shelby,14194.78,2415.0
48143,Erath,TX,11.0,48143,TX-Erath,11061.17,4062.0
19069,Franklin,IA,10.9,19069,IA-Franklin,11995.05,1877.0
27055,Houston,MN,8.4,27055,MN-Houston,9375.41,2165.0
48071,Chambers,TX,10.7,48071,TX-Chambers,13946.89,2909.0
49055,Wayne,UT,9.9,49055,UT-Wayne,9170.62,541.0
18159,Tipton,IN,10.4,18159,IN-Tipton,12524.72,1901.0
20125,Montgomery,KS,11.1,20125,KS-Montgomery,11909.65,4517.0
48033,Borden,TX,9.3,48033,TX-Borden,13984.29,82.0
29069,Dunklin,MO,13.1,29069,MO-Dunklin,13368.39,3811.0
27079,Le Sueur,MN,8.7,27079,MN-Le Sueur,11196.24,1565.0
29189,St. Louis,MO,9.6,29189,MO-St. Louis,12853.79,81326.0
26045,Eaton,MI,9.3,26045,MI-Eaton,11412.88,7019.0
08113,San Miguel,CO,7.1,08113,CO-San Miguel,6774.13,873.0
08029,Delta,CO,8.8,08029,CO-Delta,8626.43,5219.0
22017,Caddo,LA,14.5,22017,LA-Caddo,15544.01,22996.0
19143,Osceola,IA,10.6,19143,IA-Osceola,10311.59,1180.0
12057,Hillsborough,FL,11.5,12057,FL-Hillsborough,14289.43,85854.0
53031,Jefferson,WA,8.0,53031,WA-Jefferson,8696.05,11834.0
29171,Putnam,MO,10.2,29171,MO-Putnam,12279.21,911.0
22119,Webster,LA,15.7,22119,LA-Webster,14826.14,4640.0
01057,Fayette,AL,13.1,01057,AL-Fayette,12734.19,2077.0
31041,Custer,NE,9.3,31041,NE-Custer,11908.37,1955.0
40001,Adair,OK,15.2,40001,OK-Adair,13716.95,2160.0
01077,Lauderdale,AL,11.0,01077,AL-Lauderdale,12348.22,10393.0
24047,Worcester,MD,9.7,24047,MD-Worcester,11741.04,12088.0
17003,Alexander,IL,13.8,17003,IL-Alexander,9057.64,857.0
40029,Coal,OK,13.9,40029,OK-Coal,14968.81,749.0
05097,Montgomery,AR,11.4,05097,AR-Montgomery,12353.95,1437.0
54059,Mingo,WV,15.8,54059,WV-Mingo,11040.53,2146.0
29035,Carter,MO,12.2,29035,MO-Carter,11274.69,829.0
32005,Douglas,NV,8.1,32005,NV-Douglas,9047.86,11423.0
19059,Dickinson,IA,8.5,19059,IA-Dickinson,9495.21,4563.0
16017,Bonner,ID,8.4,16017,ID-Bonner,7914.66,7795.0
31021,Burt,NE,9.7,31021,NE-Burt,13276.76,1255.0
13007,Baker,GA,16.9,13007,GA-Baker,12660.58,199.0
29005,Atchison,MO,10.9,29005,MO-Atchison,12742.12,1163.0
08103,Rio Blanco,CO,8.0,08103,CO-Rio Blanco,13183.54,935.0
02050,Bethel,AK,14.7,02050,AK-Bethel,8116.22,1390.0
13073,Columbia,GA,10.7,13073,GA-Columbia,11060.81,13874.0
55043,Grant,WI,10.3,55043,WI-Grant,9917.37,5164.0
06011,Colusa,CA,12.2,06011,CA-Colusa,11218.72,3341.0
13037,Calhoun,GA,17.1,13037,GA-Calhoun,15935.51,446.0
17193,White,IL,11.1,17193,IL-White,13586.27,2564.0
17067,Hancock,IL,9.7,17067,IL-Hancock,10233.53,3365.0
51690,Martinsville,VA,15.9,51690,VA-Martinsville City,11212.03,1750.0
48163,Frio,TX,16.5,48163,TX-Frio,12957.55,927.0
13083,Dade,GA,10.2,13083,GA-Dade,11101.37,1692.0
56029,Park,WY,8.7,56029,WY-Park,9757.9,7582.0
35051,Sierra,NM,11.9,35051,NM-Sierra,10294.4,2010.0
08059,Jefferson,CO,7.2,08059,CO-Jefferson,11283.08,33488.0
53065,Stevens,WA,9.1,53065,WA-Stevens,7870.06,8553.0
18179,Wells,IN,10.4,18179,IN-Wells,10461.5,2684.0
01043,Cullman,AL,11.0,01043,AL-Cullman,13269.04,8251.0
30039,Granite,MT,8.4,30039,MT-Granite,10094.14,647.0
40035,Craig,OK,13.2,40035,OK-Craig,12267.8,2165.0
27109,Olmsted,MN,8.4,27109,MN-Olmsted,10789.7,15571.0
05051,Garland,AR,11.1,05051,AR-Garland,13338.69,15154.0
38081,Sargent,ND,9.0,38081,ND-Sargent,11641.17,474.0
05107,Phillips,AR,17.2,05107,AR-Phillips,10422.89,1688.0
19049,Dallas,IA,8.5,19049,IA-Dallas,10219.87,8484.0
39175,Wyandot,OH,10.2,39175,OH-Wyandot,11649.88,3007.0
51145,Powhatan,VA,9.4,51145,VA-Powhatan,10865.74,4412.0
46102,Oglala Lakota,SD,23.8,46102,SD-Oglala Lakota,21798.68,980.0
18061,Harrison,IN,10.2,18061,IN-Harrison,12585.62,4946.0
48007,Aransas,TX,11.4,48007,TX-Aransas,11926.42,3196.0
46067,Hutchinson,SD,9.3,46067,SD-Hutchinson,11361.35,1077.0
01067,Henry,AL,12.8,01067,AL-Henry,12623.27,1660.0
53009,Clallam,WA,8.2,53009,WA-Clallam,8405.96,21793.0
26011,Arenac,MI,10.3,26011,MI-Arenac,12429.38,1945.0
38047,Logan,ND,9.5,38047,ND-Logan,10165.56,304.0
36107,Tioga,NY,8.6,36107,NY-Tioga,10175.02,3931.0
29151,Osage,MO,9.2,29151,MO-Osage,10648.29,1304.0
02230,Skagway,AK,7.8,02230,AK-Skagway,8021.13,179.0
28041,Greene,MS,13.1,28041,MS-Greene,13861.36,1263.0
20053,Ellsworth,KS,9.6,20053,KS-Ellsworth,13241.53,1259.0
13159,Jasper,GA,12.1,13159,GA-Jasper,11046.64,1185.0
47031,Coffee,TN,11.7,47031,TN-Coffee,12841.64,6468.0
47069,Hardeman,TN,15.1,47069,TN-Hardeman,11629.7,2693.0
37093,Hoke,NC,13.2,37093,NC-Hoke,10181.52,3158.0
06085,Santa Clara,CA,9.8,06085,CA-Santa Clara,10708.93,105362.0
47007,Bledsoe,TN,13.8,47007,TN-Bledsoe,12540.43,1465.0
19113,Linn,IA,9.7,19113,IA-Linn,10431.33,22397.0
48469,Victoria,TX,12.9,48469,TX-Victoria,14051.2,7893.0
16027,Canyon,ID,10.5,16027,ID-Canyon,10459.57,13984.0
13193,Macon,GA,18.5,13193,GA-Macon,10240.5,794.0
51107,Loudoun,VA,8.9,51107,VA-Loudoun,10953.68,25676.0
08014,Broomfield,CO,6.5,08014,CO-Broomfield,11813.77,4218.0
36015,Chemung,NY,9.3,36015,NY-Chemung,10966.91,7252.0
30005,Blaine,MT,12.3,30005,MT-Blaine,9978.44,1045.0
06021,Glenn,CA,11.1,06021,CA-Glenn,11993.65,4902.0
12081,Manatee,FL,10.1,12081,FL-Manatee,12740.47,55505.0
27099,Mower,MN,10.1,27099,MN-Mower,10889.68,4109.0
48207,Haskell,TX,12.3,48207,TX-Haskell,14994.98,848.0
47095,Lake,TN,17.8,47095,TN-Lake,13890.86,745.0
01131,Wilcox,AL,19.1,01131,AL-Wilcox,12544.66,873.0
48291,Liberty,TX,13.8,48291,TX-Liberty,15527.82,4836.0
37057,Davidson,NC,10.3,37057,NC-Davidson,11252.41,10139.0
17057,Fulton,IL,10.4,17057,IL-Fulton,10470.34,4656.0
37153,Richmond,NC,13.8,37153,NC-Richmond,10820.13,3950.0
55083,Oconto,WI,9.4,55083,WI-Oconto,9064.97,2531.0
48081,Coke,TX,11.8,48081,TX-Coke,14602.56,526.0
19177,Van Buren,IA,10.5,19177,IA-Van Buren,11597.11,1243.0
19123,Mahaska,IA,9.7,19123,IA-Mahaska,9961.27,2806.0
48277,Lamar,TX,11.9,48277,TX-Lamar,15164.13,7075.0
29141,Morgan,MO,11.6,29141,MO-Morgan,10765.8,2851.0
45029,Colleton,SC,13.8,45029,SC-Colleton,11728.99,4645.0
51011,Appomattox,VA,11.7,51011,VA-Appomattox,11419.93,2430.0
13095,Dougherty,GA,17.1,13095,GA-Dougherty,11999.68,5599.0
50027,Windsor,VT,6.9,50027,VT-Windsor,9851.36,10665.0
56035,Sublette,WY,8.4,56035,WY-Sublette,8915.76,1770.0
48169,Garza,TX,14.5,48169,TX-Garza,14207.8,396.0
55035,Eau Claire,WI,8.9,55035,WI-Eau Claire,10917.76,10925.0
04001,Apache,AZ,15.3,04001,AZ-Apache,12556.76,7753.0
12015,Charlotte,FL,9.8,12015,FL-Charlotte,13024.24,36563.0
22127,Winn,LA,14.7,22127,LA-Winn,14878.19,1625.0
51105,Lee,VA,13.6,51105,VA-Lee,10270.63,1802.0
37119,Mecklenburg,NC,10.1,37119,NC-Mecklenburg,10982.7,61503.0
36117,Wayne,NY,8.6,36117,NY-Wayne,11207.94,5433.0
26127,Oceana,MI,10.6,26127,MI-Oceana,10358.89,2470.0
17137,Morgan,IL,10.3,17137,IL-Morgan,11660.84,4441.0
31063,Frontier,NE,9.0,31063,NE-Frontier,11330.61,395.0
28109,Pearl River,MS,11.8,28109,MS-Pearl River,13964.7,6178.0
39047,Fayette,OH,11.9,39047,OH-Fayette,10987.43,2779.0
35041,Roosevelt,NM,11.7,35041,NM-Roosevelt,11331.5,2006.0
30049,Lewis and Clark,MT,7.5,30049,MT-Lewis and Clark,8474.13,11180.0
16061,Lewis,ID,10.5,16061,ID-Lewis,9278.81,1445.0
40135,Sequoyah,OK,13.7,40135,OK-Sequoyah,14317.79,5107.0
13271,Telfair,GA,17.6,13271,GA-Telfair,11912.8,850.0
19079,Hamilton,IA,9.5,19079,IA-Hamilton,11386.89,2489.0
19197,Wright,IA,10.9,19197,IA-Wright,11314.96,2327.0
40093,Major,OK,10.5,40093,OK-Major,12502.16,1298.0
22089,St. Charles,LA,11.3,22089,LA-St. Charles,12761.11,1984.0
13147,Hart,GA,11.9,13147,GA-Hart,11059.61,3053.0
36013,Chautauqua,NY,10.0,36013,NY-Chautauqua,10408.14,10821.0
34023,Middlesex,NJ,10.3,34023,NJ-Middlesex,12484.27,71766.0
40097,Mayes,OK,12.1,40097,OK-Mayes,14034.4,4853.0
13213,Murray,GA,11.6,13213,GA-Murray,11882.02,3965.0
24033,Prince George's,MD,13.6,24033,MD-Prince George's,12055.05,76302.0
31001,Adams,NE,9.9,31001,NE-Adams,10946.73,4442.0
45019,Charleston,SC,10.0,45019,SC-Charleston,11555.74,46930.0
41007,Clatsop,OR,9.5,41007,OR-Clatsop,9161.62,9780.0
18117,Orange,IN,11.5,18117,IN-Orange,11307.9,2473.0
54071,Pendleton,WV,12.6,54071,WV-Pendleton,11068.21,1175.0
55005,Barron,WI,9.8,55005,WI-Barron,10900.11,5947.0
45055,Kershaw,SC,12.1,45055,SC-Kershaw,12058.82,8624.0
17171,Scott,IL,9.4,17171,IL-Scott,9633.45,699.0
24001,Allegany,MD,11.3,24001,MD-Allegany,12704.55,14448.0
41003,Benton,OR,9.3,41003,OR-Benton,8115.99,7391.0
28009,Benton,MS,14.0,28009,MS-Benton,13025.94,1113.0
48045,Briscoe,TX,13.3,48045,TX-Briscoe,14240.6,247.0
45053,Jasper,SC,13.2,45053,SC-Jasper,10259.19,4477.0
41037,Lake,OR,11.0,41037,OR-Lake,8615.36,1983.0
44001,Bristol,RI,7.9,44001,RI-Bristol,11280.53,4331.0
15007,Kauai,HI,9.3,15007,HI-Kauai,7491.59,6844.0
22027,Claiborne,LA,18.8,22027,LA-Claiborne,15657.78,1859.0
47125,Montgomery,TN,11.8,47125,TN-Montgomery,10633.4,16643.0
26097,Mackinac,MI,11.5,26097,MI-Mackinac,10073.47,1534.0
48435,Sutton,TX,14.0,48435,TX-Sutton,11716.63,543.0
30069,Petroleum,MT,8.2,30069,MT-Petroleum,12496.24,99.0
27153,Todd,MN,9.9,27153,MN-Todd,12503.29,2105.0
39135,Preble,OH,10.5,39135,OH-Preble,12603.74,4358.0
26117,Montcalm,MI,10.6,26117,MI-Montcalm,10583.12,4776.0
18023,Clinton,IN,11.7,18023,IN-Clinton,11336.53,2904.0
13137,Habersham,GA,11.1,13137,GA-Habersham,10675.21,4420.0
54081,Raleigh,WV,14.2,54081,WV-Raleigh,11861.82,9140.0
31169,Thayer,NE,9.7,31169,NE-Thayer,14156.37,1099.0
37037,Chatham,NC,9.4,37037,NC-Chatham,9615.09,9127.0
19103,Johnson,IA,9.7,19103,IA-Johnson,9725.43,13832.0
12005,Bay,FL,10.0,12005,FL-Bay,13392.72,22445.0
29177,Ray,MO,10.6,29177,MO-Ray,14001.58,2336.0
20169,Saline,KS,10.1,20169,KS-Saline,11699.51,8928.0
48491,Williamson,TX,9.5,48491,TX-Williamson,12497.37,43678.0
48257,Kaufman,TX,11.5,48257,TX-Kaufman,13256.31,9900.0
08079,Mineral,CO,7.3,08079,CO-Mineral,9454.05,209.0
06075,San Francisco,CA,9.3,06075,CA-San Francisco,9948.38,60420.0
27173,Yellow Medicine,MN,9.7,27173,MN-Yellow Medicine,9442.75,921.0
27089,Marshall,MN,9.1,27089,MN-Marshall,12403.81,972.0
41071,Yamhill,OR,9.7,41071,OR-Yamhill,9108.1,8481.0
27069,Kittson,MN,8.8,27069,MN-Kittson,11117.11,696.0
37089,Henderson,NC,9.1,37089,NC-Henderson,10503.92,18658.0
13265,Taliaferro,GA,15.7,13265,GA-Taliaferro,11511.69,141.0
55113,Sawyer,WI,10.4,55113,WI-Sawyer,10057.71,2966.0
29217,Vernon,MO,11.5,29217,MO-Vernon,10900.29,2266.0
18087,LaGrange,IN,11.1,18087,IN-LaGrange,9337.11,2461.0
16051,Jefferson,ID,8.7,16051,ID-Jefferson,10944.25,2448.0
17201,Winnebago,IL,11.7,17201,IL-Winnebago,11730.23,23977.0
47137,Pickett,TN,13.3,47137,TN-Pickett,11798.35,926.0
26003,Alger,MI,10.0,26003,MI-Alger,8759.99,1269.0
29113,Lincoln,MO,9.9,29113,MO-Lincoln,12280.03,4062.0
37183,Wake,NC,9.0,37183,NC-Wake,10830.51,71766.0
19167,Sioux,IA,8.9,19167,IA-Sioux,11294.63,5122.0
40049,Garvin,OK,11.9,40049,OK-Garvin,13926.29,3564.0
51037,Charlotte,VA,14.0,51037,VA-Charlotte,10853.98,1873.0
22057,Lafourche,LA,12.7,22057,LA-Lafourche,12834.42,7442.0
39141,Ross,OH,12.6,39141,OH-Ross,12204.07,6898.0
32029,Storey,NV,8.2,32029,NV-Storey,9231.83,657.0
47171,Unicoi,TN,12.6,47171,TN-Unicoi,11788.68,1662.0
39111,Monroe,OH,12.0,39111,OH-Monroe,10190.06,1486.0
26075,Jackson,MI,10.4,26075,MI-Jackson,10834.91,15127.0
36043,Herkimer,NY,8.8,36043,NY-Herkimer,10573.49,6368.0
33013,Merrimack,NH,7.4,33013,NH-Merrimack,9804.11,20450.0
26053,Gogebic,MI,10.5,26053,MI-Gogebic,9557.27,2245.0
56005,Campbell,WY,9.1,56005,WY-Campbell,9284.18,5962.0
51770,Roanoke,VA,13.2,51770,VA-Roanoke City,10880.33,9535.0
53073,Whatcom,WA,7.9,53073,WA-Whatcom,9100.21,23121.0
09190,Western Connecticut,CT,7.4,09190,CT-Western Connecticut,12130.03,56622.0
46029,Codington,SD,10.0,46029,SD-Codington,10076.95,2798.0
17107,Logan,IL,9.9,17107,IL-Logan,11307.41,3304.0
48105,Crockett,TX,13.4,48105,TX-Crockett,11409.22,420.0
20117,Marshall,KS,9.8,20117,KS-Marshall,11893.12,2152.0
49047,Uintah,UT,10.2,49047,UT-Uintah,8910.86,2983.0
29099,Jefferson,MO,9.4,29099,MO-Jefferson,12456.41,14474.0
34037,Sussex,NJ,7.6,34037,NJ-Sussex,11667.01,18187.0
37123,Montgomery,NC,11.8,37123,NC-Montgomery,10544.51,2498.0
48323,Maverick,TX,18.1,48323,TX-Maverick,13656.47,2537.0
35013,DoÃ±a Ana,NM,13.1,35013,NM-Dona Ana,10462.77,19531.0
05089,Marion,AR,11.1,05089,AR-Marion,9241.63,2735.0
17037,DeKalb,IL,10.6,17037,IL-DeKalb,12102.54,9475.0
51157,Rappahannock,VA,10.1,51157,VA-Rappahannock,10218.84,1447.0
51041,Chesterfield,VA,10.8,51041,VA-Chesterfield,11400.81,38684.0
27025,Chisago,MN,8.6,27025,MN-Chisago,10851.39,3477.0
45083,Spartanburg,SC,12.1,45083,SC-Spartanburg,11092.97,30235.0
27119,Polk,MN,9.2,27119,MN-Polk,12057.99,3673.0
53039,Klickitat,WA,8.7,53039,WA-Klickitat,8376.56,5745.0
22013,Bienville,LA,17.5,22013,LA-Bienville,19103.35,1602.0
48371,Pecos,TX,16.0,48371,TX-Pecos,12548.28,1101.0
37157,Rockingham,NC,11.3,37157,NC-Rockingham,11088.8,5573.0
25017,Middlesex,MA,7.7,25017,MA-Middlesex,11795.02,157934.0
36053,Madison,NY,8.3,36053,NY-Madison,10427.64,6069.0
18053,Grant,IN,13.0,18053,IN-Grant,11102.59,7485.0
20181,Sherman,KS,10.1,20181,KS-Sherman,14609.15,1165.0
13029,Bryan,GA,9.8,13029,GA-Bryan,10792.19,3121.0
48337,Montague,TX,10.5,48337,TX-Montague,14473.16,3414.0
29027,Callaway,MO,10.2,29027,MO-Callaway,9483.24,4134.0
01019,Cherokee,AL,11.8,01019,AL-Cherokee,13057.58,2995.0
29207,Stoddard,MO,11.3,29207,MO-Stoddard,11399.62,4240.0
48341,Moore,TX,14.7,48341,TX-Moore,10535.21,1452.0
28045,Hancock,MS,10.8,28045,MS-Hancock,12954.37,4714.0
06003,Alpine,CA,8.5,06003,CA-Alpine,8998.54,223.0
47159,Smith,TN,11.2,47159,TN-Smith,11025.1,2120.0
55107,Rusk,WI,10.6,55107,WI-Rusk,10015.25,1910.0
31033,Cheyenne,NE,9.9,31033,NE-Cheyenne,13143.4,2023.0
29111,Lewis,MO,10.9,29111,MO-Lewis,11135.52,1552.0
12133,Washington,FL,12.6,12133,FL-Washington,13360.55,3029.0
36097,Schuyler,NY,9.1,36097,NY-Schuyler,9762.65,1874.0
48405,San Augustine,TX,15.2,48405,TX-San Augustine,14256.42,1228.0
48213,Henderson,TX,11.3,48213,TX-Henderson,13322.03,9586.0
01107,Pickens,AL,15.2,01107,AL-Pickens,11706.63,1964.0
22047,Iberville,LA,14.4,22047,LA-Iberville,12930.35,1536.0
48401,Rusk,TX,12.2,48401,TX-Rusk,13626.08,4575.0
31127,Nemaha,NE,9.9,31127,NE-Nemaha,13220.87,1189.0
12071,Lee,FL,10.8,12071,FL-Lee,12647.01,103299.0
51077,Grayson,VA,13.1,51077,VA-Grayson,9799.25,2764.0
48025,Bee,TX,14.6,48025,TX-Bee,15529.74,1708.0
08021,Conejos,CO,11.0,08021,CO-Conejos,9820.51,891.0
05115,Pope,AR,11.4,05115,AR-Pope,11281.68,6996.0
55141,Wood,WI,9.7,55141,WI-Wood,9763.39,6284.0
55061,Kewaunee,WI,9.2,55061,WI-Kewaunee,12483.27,1542.0
16081,Teton,ID,8.0,16081,ID-Teton,10462.37,1653.0
05059,Hot Spring,AR,11.6,05059,AR-Hot Spring,12863.68,3850.0
19157,Poweshiek,IA,9.5,19157,IA-Poweshiek,10138.33,2936.0
17027,Clinton,IL,9.3,17027,IL-Clinton,12834.41,4887.0
32013,Humboldt,NV,10.1,32013,NV-Humboldt,8853.88,2848.0
18169,Wabash,IN,10.8,18169,IN-Wabash,11699.43,3435.0
48227,Howard,TX,13.1,48227,TX-Howard,11871.57,2683.0
13065,Clinch,GA,14.8,13065,GA-Clinch,17263.02,547.0
22007,Assumption,LA,13.4,22007,LA-Assumption,13728.35,1819.0
13225,Peach,GA,13.4,13225,GA-Peach,11791.08,2708.0
54017,Doddridge,WV,13.2,54017,WV-Doddridge,9403.16,702.0
20199,Wallace,KS,10.2,20199,KS-Wallace,12006.7,333.0
55025,Dane,WI,8.1,55025,WI-Dane,8911.4,52572.0
55078,Menominee,WI,15.3,55078,WI-Menominee,12162.92,379.0
54051,Marshall,WV,12.4,54051,WV-Marshall,10134.98,2856.0
19133,Monona,IA,9.9,19133,IA-Monona,11757.24,1476.0
27163,Washington,MN,8.7,27163,MN-Washington,11369.72,16008.0
04023,Santa Cruz,AZ,13.2,04023,AZ-Santa Cruz,8441.27,3035.0
12013,Calhoun,FL,12.8,12013,FL-Calhoun,14332.42,1176.0
29165,Platte,MO,8.8,29165,MO-Platte,12288.1,9400.0
13167,Johnson,GA,15.3,13167,GA-Johnson,14264.8,695.0
47061,Grundy,TN,13.1,47061,TN-Grundy,11907.22,1479.0
29017,Bollinger,MO,10.8,29017,MO-Bollinger,10224.88,1566.0
49041,Sevier,UT,9.1,49041,UT-Sevier,10905.21,2651.0
31055,Douglas,NE,9.3,31055,NE-Douglas,11174.09,46221.0
19187,Webster,IA,10.1,19187,IA-Webster,9930.07,5201.0
27027,Clay,MN,9.3,27027,MN-Clay,11487.87,5199.0
22091,St. Helena,LA,16.2,22091,LA-St. Helena,13657.48,823.0
56043,Washakie,WY,10.3,56043,WY-Washakie,11039.24,1651.0
51115,Mathews,VA,10.1,51115,VA-Mathews,10008.14,2071.0
38063,Nelson,ND,8.6,38063,ND-Nelson,10483.67,725.0
13201,Miller,GA,13.9,13201,GA-Miller,27129.01,620.0
27091,Martin,MN,9.7,27091,MN-Martin,10551.0,3075.0
05025,Cleveland,AR,11.6,05025,AR-Cleveland,14306.38,1188.0
37145,Person,NC,11.6,37145,NC-Person,10133.8,3865.0
37101,Johnston,NC,10.5,37101,NC-Johnston,11421.18,15699.0
06077,San Joaquin,CA,11.7,06077,CA-San Joaquin,11056.96,44590.0
31007,Banner,NE,9.0,31007,NE-Banner,12973.9,74.0
54015,Clay,WV,14.2,54015,WV-Clay,10454.48,826.0
45011,Barnwell,SC,15.9,45011,SC-Barnwell,12037.82,2227.0
12037,Franklin,FL,11.2,12037,FL-Franklin,10381.95,1580.0
26119,Montmorency,MI,10.5,26119,MI-Montmorency,9677.38,1726.0
20087,Jefferson,KS,8.7,20087,KS-Jefferson,11713.44,2734.0
02100,Haines,AK,7.7,02100,AK-Haines,11058.37,632.0
16003,Adams,ID,9.3,16003,ID-Adams,7800.53,869.0
18109,Morgan,IN,10.9,18109,IN-Morgan,10964.21,7194.0
48073,Cherokee,TX,12.6,48073,TX-Cherokee,13830.33,4696.0
51019,Bedford,VA,10.1,51019,VA-Bedford,9904.98,12977.0
23007,Franklin,ME,8.8,23007,ME-Franklin,9189.37,2533.0
55091,Pepin,WI,9.0,55091,WI-Pepin,12207.36,1330.0
31167,Stanton,NE,8.9,31167,NE-Stanton,8845.33,697.0
06013,Contra Costa,CA,9.6,06013,CA-Contra Costa,10861.08,77034.0
28117,Prentiss,MS,12.3,28117,MS-Prentiss,13342.59,4045.0
13301,Warren,GA,15.5,13301,GA-Warren,13824.2,409.0
17145,Perry,IL,11.2,17145,IL-Perry,13548.65,2546.0
51097,King and Queen,VA,12.6,51097,VA-King and Queen,10945.39,1120.0
20023,Cheyenne,KS,11.1,20023,KS-Cheyenne,14057.98,652.0
17179,Tazewell,IL,9.1,17179,IL-Tazewell,10521.89,16388.0
46111,Sanborn,SD,9.6,46111,SD-Sanborn,8401.88,361.0
13177,Lee,GA,10.7,13177,GA-Lee,11662.9,2383.0
28043,Grenada,MS,14.7,28043,MS-Grenada,15323.45,3308.0
54035,Jackson,WV,13.4,54035,WV-Jackson,11201.34,2948.0
47051,Franklin,TN,11.5,47051,TN-Franklin,11891.26,5385.0
39071,Highland,OH,11.8,39071,OH-Highland,12824.84,4239.0
17091,Kankakee,IL,11.3,17091,IL-Kankakee,13559.93,12772.0
28023,Clarke,MS,14.0,28023,MS-Clarke,16731.31,2297.0
39017,Butler,OH,11.3,39017,OH-Butler,12510.99,27700.0
40127,Pushmataha,OK,13.7,40127,OK-Pushmataha,14043.45,1836.0
41061,Union,OR,10.1,41061,OR-Union,8953.42,5667.0
13279,Toombs,GA,13.6,13279,GA-Toombs,12433.86,2033.0
36025,Delaware,NY,9.2,36025,NY-Delaware,11417.71,5910.0
17081,Jefferson,IL,10.6,17081,IL-Jefferson,11911.66,5776.0
29201,Scott,MO,11.1,29201,MO-Scott,10974.09,5236.0
31089,Holt,NE,9.6,31089,NE-Holt,12682.6,2045.0
13205,Mitchell,GA,15.6,13205,GA-Mitchell,12704.63,1491.0
48177,Gonzales,TX,13.7,48177,TX-Gonzales,13312.24,2196.0
54079,Putnam,WV,11.3,54079,WV-Putnam,12073.76,5128.0
37091,Hertford,NC,15.2,37091,NC-Hertford,10436.65,2469.0
35025,Lea,NM,12.1,35025,NM-Lea,12027.91,5888.0
34031,Passaic,NJ,11.2,34031,NJ-Passaic,12958.77,36394.0
40079,Le Flore,OK,13.0,40079,OK-Le Flore,14752.75,6379.0
24041,Talbot,MD,9.2,24041,MD-Talbot,11158.04,9532.0
45063,Lexington,SC,10.5,45063,SC-Lexington,11529.05,35215.0
39127,Perry,OH,11.6,39127,OH-Perry,11485.31,3420.0
38093,Stutsman,ND,9.0,38093,ND-Stutsman,8567.04,2260.0
28087,Lowndes,MS,13.6,28087,MS-Lowndes,12627.25,7816.0
48053,Burnet,TX,10.3,48053,TX-Burnet,12197.49,7104.0
24027,Howard,MD,9.1,24027,MD-Howard,10955.34,35532.0
16075,Payette,ID,9.6,16075,ID-Payette,9525.79,2494.0
39081,Jefferson,OH,12.0,39081,OH-Jefferson,12508.06,7833.0
48283,La Salle,TX,16.6,48283,TX-La Salle,13913.09,428.0
36119,Westchester,NY,8.8,36119,NY-Westchester,12802.65,97019.0
30089,Sanders,MT,9.0,30089,MT-Sanders,7717.55,3054.0
30025,Fallon,MT,8.3,30025,MT-Fallon,10664.29,554.0
53049,Pacific,WA,9.9,53049,WA-Pacific,9244.0,7272.0
47085,Humphreys,TN,11.9,47085,TN-Humphreys,13928.3,2542.0
48249,Jim Wells,TX,16.2,48249,TX-Jim Wells,16926.75,2392.0
17165,Saline,IL,10.6,17165,IL-Saline,11624.05,3746.0
20161,Riley,KS,10.4,20161,KS-Riley,12906.99,6677.0
44009,Washington,RI,7.1,44009,RI-Washington,11178.86,14006.0
22081,Red River,LA,16.1,22081,LA-Red River,19807.97,857.0
13321,Worth,GA,13.6,13321,GA-Worth,10817.35,1629.0
31177,Washington,NE,8.5,31177,NE-Washington,11717.89,2537.0
06051,Mono,CA,8.9,06051,CA-Mono,9147.48,1839.0
18015,Carroll,IN,10.9,18015,IN-Carroll,12160.38,2461.0
49007,Carbon,UT,10.8,49007,UT-Carbon,11854.01,2795.0
02290,Yukon-Koyukuk,AK,13.9,02290,AK-Yukon-Koyukuk,8652.54,786.0
28033,DeSoto,MS,11.4,28033,MS-DeSoto,12709.11,17927.0
17051,Fayette,IL,11.0,17051,IL-Fayette,11999.32,2911.0
19093,Ida,IA,9.6,19093,IA-Ida,13175.85,1326.0
35053,Socorro,NM,13.2,35053,NM-Socorro,9600.61,1589.0
53029,Island,WA,7.7,53029,WA-Island,8370.38,14484.0
27017,Carlton,MN,9.7,27017,MN-Carlton,11935.16,2506.0
47149,Rutherford,TN,11.1,47149,TN-Rutherford,11782.64,19617.0
13009,Baldwin,GA,14.5,13009,GA-Baldwin,11140.24,2952.0
17101,Lawrence,IL,11.2,17101,IL-Lawrence,12703.2,2515.0
34001,Atlantic,NJ,10.3,34001,NJ-Atlantic,12918.9,31378.0
26061,Houghton,MI,9.8,26061,MI-Houghton,8540.74,3465.0
47041,DeKalb,TN,13.0,47041,TN-DeKalb,12021.12,1875.0
51670,Hopewell,VA,16.1,51670,VA-Hopewell City,13200.7,2314.0
39161,Van Wert,OH,10.6,39161,OH-Van Wert,11450.21,3331.0
29209,Stone,MO,10.3,29209,MO-Stone,10310.87,4306.0
20191,Sumner,KS,9.9,20191,KS-Sumner,12266.43,3087.0
18005,Bartholomew,IN,11.0,18005,IN-Bartholomew,11569.54,9004.0
13257,Stephens,GA,12.1,13257,GA-Stephens,11809.76,3070.0
22071,Orleans,LA,14.4,22071,LA-Orleans,12394.19,16083.0
28151,Washington,MS,17.6,28151,MS-Washington,12960.03,4857.0
26033,Chippewa,MI,11.2,26033,MI-Chippewa,9469.72,3404.0
47179,Washington,TN,11.2,47179,TN-Washington,11205.74,11169.0
48023,Baylor,TX,11.6,48023,TX-Baylor,17208.52,606.0
48147,Fannin,TX,11.4,48147,TX-Fannin,14306.85,4064.0
26129,Ogemaw,MI,10.7,26129,MI-Ogemaw,11051.27,3074.0
56013,Fremont,WY,10.1,56013,WY-Fremont,9015.4,7346.0
48315,Marion,TX,12.8,48315,TX-Marion,14326.75,1387.0
28097,Montgomery,MS,15.3,28097,MS-Montgomery,16758.42,1670.0
46049,Faulk,SD,10.8,46049,SD-Faulk,16336.65,424.0
18079,Jennings,IN,11.9,18079,IN-Jennings,11097.3,2770.0
29091,Howell,MO,12.0,29091,MO-Howell,9956.93,5043.0
29109,Lawrence,MO,11.5,29109,MO-Lawrence,11225.02,2822.0
51031,Campbell,VA,11.3,51031,VA-Campbell,11032.79,7301.0
28107,Panola,MS,15.6,28107,MS-Panola,13823.63,4070.0
27133,Rock,MN,9.2,27133,MN-Rock,12148.08,808.0
47115,Marion,TN,12.6,47115,TN-Marion,12407.91,2912.0
51049,Cumberland,VA,12.1,51049,VA-Cumberland,12030.01,1218.0
55023,Crawford,WI,10.1,55023,WI-Crawford,10478.11,2332.0
26067,Ionia,MI,9.9,26067,MI-Ionia,10839.77,3356.0
40041,Delaware,OK,12.5,40041,OK-Delaware,12537.48,6301.0
51167,Russell,VA,11.8,51167,VA-Russell,10367.46,2798.0
36003,Allegany,NY,9.5,36003,NY-Allegany,10219.51,4375.0
25025,Suffolk,MA,10.1,25025,MA-Suffolk,11983.8,52439.0
22033,East Baton Rouge,LA,13.6,22033,LA-East Baton Rouge,12790.49,24038.0
17115,Macon,IL,10.8,17115,IL-Macon,11372.68,15063.0
31025,Cass,NE,8.6,31025,NE-Cass,11164.74,3466.0
37165,Scotland,NC,15.2,37165,NC-Scotland,11584.21,2889.0
29135,Moniteau,MO,10.2,29135,MO-Moniteau,10831.63,1422.0
51063,Floyd,VA,9.9,51063,VA-Floyd,9760.86,2567.0
41067,Washington,OR,9.2,41067,OR-Washington,9139.22,26089.0
45075,Orangeburg,SC,15.7,45075,SC-Orangeburg,11115.18,8282.0
23027,Waldo,ME,8.6,23027,ME-Waldo,9386.96,4594.0
37081,Guilford,NC,11.2,37081,NC-Guilford,11094.7,26756.0
48113,Dallas,TX,12.5,48113,TX-Dallas,13839.13,123782.0
47071,Hardin,TN,12.8,47071,TN-Hardin,11494.32,4414.0
13139,Hall,GA,11.8,13139,GA-Hall,11450.49,17374.0
20189,Stevens,KS,12.8,20189,KS-Stevens,13965.94,724.0
05123,St. Francis,AR,16.6,05123,AR-St. Francis,12112.43,2041.0
20043,Doniphan,KS,9.4,20043,KS-Doniphan,12422.76,1326.0
47151,Scott,TN,14.0,47151,TN-Scott,11882.79,1773.0
38029,Emmons,ND,9.2,38029,ND-Emmons,7869.56,547.0
47135,Perry,TN,13.0,47135,TN-Perry,10757.42,985.0
18045,Fountain,IN,11.2,18045,IN-Fountain,12650.1,2227.0
48083,Coleman,TX,11.3,48083,TX-Coleman,13498.61,1676.0
35005,Chaves,NM,12.9,35005,NM-Chaves,10519.26,6403.0
48465,Val Verde,TX,15.7,48465,TX-Val Verde,11499.74,3450.0
01027,Clay,AL,12.9,01027,AL-Clay,11148.66,1283.0
37111,McDowell,NC,10.3,37111,NC-McDowell,11660.4,4745.0
05035,Crittenden,AR,14.8,05035,AR-Crittenden,13520.98,4264.0
37185,Warren,NC,14.8,37185,NC-Warren,10861.44,2165.0
36045,Jefferson,NY,9.7,36045,NY-Jefferson,10405.5,10360.0
50013,Grand Isle,VT,6.9,50013,VT-Grand Isle,8270.55,1274.0
36089,St. Lawrence,NY,10.2,36089,NY-St. Lawrence,9953.03,12522.0
55133,Waukesha,WI,8.2,55133,WI-Waukesha,11353.46,36217.0
16033,Clark,ID,11.5,16033,ID-Clark,12408.47,66.0
28053,Humphreys,MS,20.6,28053,MS-Humphreys,15319.13,842.0
51085,Hanover,VA,9.3,51085,VA-Hanover,11842.65,14374.0
48485,Wichita,TX,11.6,48485,TX-Wichita,15559.9,15458.0
39015,Brown,OH,11.6,39015,OH-Brown,13526.76,3695.0
47105,Loudon,TN,10.8,47105,TN-Loudon,10740.57,9011.0
29510,St. Louis,MO,12.7,29510,MO-St. Louis City,13067.83,13716.0
48347,Nacogdoches,TX,13.0,48347,TX-Nacogdoches,13297.57,5731.0
12045,Gulf,FL,10.9,12045,FL-Gulf,12902.92,2249.0
26027,Cass,MI,10.0,26027,MI-Cass,10763.85,5752.0
31119,Madison,NE,10.2,31119,NE-Madison,10894.67,4252.0
55033,Dunn,WI,9.3,55033,WI-Dunn,11221.77,5161.0
31129,Nuckolls,NE,9.0,31129,NE-Nuckolls,12508.44,1101.0
55121,Trempealeau,WI,9.8,55121,WI-Trempealeau,10535.63,3146.0
37175,Transylvania,NC,8.9,37175,NC-Transylvania,10143.96,5430.0
01083,Limestone,AL,10.9,01083,AL-Limestone,12085.81,9350.0
18161,Union,IN,10.1,18161,IN-Union,11723.34,977.0
55053,Jackson,WI,10.6,55053,WI-Jackson,11146.86,2299.0
54025,Greenbrier,WV,12.9,54025,WV-Greenbrier,9964.01,4822.0
40015,Caddo,OK,13.9,40015,OK-Caddo,17631.68,3806.0
12099,Palm Beach,FL,10.6,12099,FL-Palm Beach,14627.98,166189.0
55071,Manitowoc,WI,9.2,55071,WI-Manitowoc,9718.76,7645.0
13233,Polk,GA,12.5,13233,GA-Polk,12919.98,3441.0
17017,Cass,IL,11.2,17017,IL-Cass,11288.59,1490.0
32021,Mineral,NV,12.8,32021,NV-Mineral,9672.5,885.0
27155,Traverse,MN,9.7,27155,MN-Traverse,9513.55,390.0
30055,McCone,MT,7.7,30055,MT-McCone,11385.37,442.0
46015,Brule,SD,10.3,46015,SD-Brule,9937.23,786.0
29081,Harrison,MO,11.3,29081,MO-Harrison,13293.31,1584.0
05045,Faulkner,AR,10.9,05045,AR-Faulkner,11872.1,12524.0
27035,Crow Wing,MN,8.7,27035,MN-Crow Wing,10862.84,7335.0
48219,Hockley,TX,12.9,48219,TX-Hockley,12928.28,1759.0
48451,Tom Green,TX,11.9,48451,TX-Tom Green,12915.86,11564.0
48475,Ward,TX,13.5,48475,TX-Ward,12051.56,963.0
28063,Jefferson,MS,19.8,28063,MS-Jefferson,16950.64,749.0
02066,Copper River,AK,8.9,02066,AK-Copper River,5332.91,178.0
36055,Monroe,NY,9.6,36055,NY-Monroe,12373.51,28805.0
05033,Crawford,AR,10.9,05033,AR-Crawford,11337.34,5983.0
06101,Sutter,CA,11.4,06101,CA-Sutter,10794.11,13793.0
37199,Yancey,NC,10.0,37199,NC-Yancey,10196.17,2682.0
49021,Iron,UT,9.7,49021,UT-Iron,9982.69,5299.0
27005,Becker,MN,8.9,27005,MN-Becker,11090.99,3877.0
04015,Mohave,AZ,9.7,04015,AZ-Mohave,10287.48,34314.0
06115,Yuba,CA,11.0,06115,CA-Yuba,11053.97,9227.0
51610,Falls Church,VA,7.8,51610,VA-Falls Church City,9650.58,1293.0
24017,Charles,MD,11.8,24017,MD-Charles,11499.75,18508.0
19003,Adams,IA,9.5,19003,IA-Adams,12695.69,892.0
01005,Barbour,AL,16.5,01005,AL-Barbour,14321.81,1886.0
40141,Tillman,OK,12.9,40141,OK-Tillman,11881.84,1043.0
35031,McKinley,NM,17.9,35031,NM-McKinley,10937.07,5215.0
20097,Kiowa,KS,9.3,20097,KS-Kiowa,14186.49,515.0
26017,Bay,MI,9.9,26017,MI-Bay,12070.44,10289.0
08041,El Paso,CO,8.4,08041,CO-El Paso,10549.25,53462.0
48357,Ochiltree,TX,13.5,48357,TX-Ochiltree,12483.85,936.0
48043,Brewster,TX,10.5,48043,TX-Brewster,8264.57,1253.0
17073,Henry,IL,9.2,17073,IL-Henry,10688.3,6068.0
34007,Camden,NJ,9.9,34007,NJ-Camden,13396.1,46700.0
12079,Madison,FL,13.3,12079,FL-Madison,12305.24,2127.0
40151,Woods,OK,10.7,40151,OK-Woods,13936.89,1406.0
19029,Cass,IA,10.5,19029,IA-Cass,12183.3,2749.0
06037,Los Angeles,CA,11.6,06037,CA-Los Angeles,15515.3,542792.0
38103,Wells,ND,9.4,38103,ND-Wells,9863.61,956.0
13243,Randolph,GA,18.9,13243,GA-Randolph,10651.77,537.0
09130,Lower Connecticut River Valley,CT,7.3,09130,CT-Lower Connecticut River Valley,12116.62,14447.0
31079,Hall,NE,10.7,31079,NE-Hall,10804.42,6170.0
51131,Northampton,VA,12.9,51131,VA-Northampton,9770.77,2231.0
20063,Gove,KS,9.2,20063,KS-Gove,18183.61,608.0
13309,Wheeler,GA,15.1,13309,GA-Wheeler,12214.38,393.0
29157,Perry,MO,9.9,29157,MO-Perry,13005.96,3066.0
17121,Marion,IL,10.6,17121,IL-Marion,13093.41,6664.0
39025,Clermont,OH,10.4,39025,OH-Clermont,11868.45,16178.0
18133,Putnam,IN,11.1,18133,IN-Putnam,11238.95,3570.0
31113,Logan,NE,8.4,31113,NE-Logan,10526.67,137.0
36033,Franklin,NY,10.0,36033,NY-Franklin,9354.67,6422.0
39063,Hancock,OH,10.7,39063,OH-Hancock,10413.27,8544.0
48449,Titus,TX,14.0,48449,TX-Titus,12548.23,2779.0
22111,Union,LA,14.3,22111,LA-Union,15215.84,2924.0
53019,Ferry,WA,10.4,53019,WA-Ferry,8966.17,1913.0
26107,Mecosta,MI,10.4,26107,MI-Mecosta,9762.9,3453.0
46079,Lake,SD,9.1,46079,SD-Lake,11595.12,1670.0
13019,Berrien,GA,13.5,13019,GA-Berrien,11940.52,1641.0
46011,Brookings,SD,9.7,46011,SD-Brookings,9466.67,3354.0
28127,Simpson,MS,13.2,28127,MS-Simpson,13974.42,3506.0
16011,Bingham,ID,10.1,16011,ID-Bingham,11698.96,4282.0
23017,Oxford,ME,10.1,23017,ME-Oxford,10107.24,6142.0
17155,Putnam,IL,8.9,17155,IL-Putnam,10495.9,1022.0
51199,York,VA,9.4,51199,VA-York,10901.2,9124.0
47021,Cheatham,TN,10.5,47021,TN-Cheatham,12024.52,3117.0
46091,Marshall,SD,9.5,46091,SD-Marshall,11039.6,709.0
49031,Piute,UT,11.0,49031,UT-Piute,9716.35,311.0
31015,Boyd,NE,10.0,31015,NE-Boyd,11198.95,508.0
39089,Licking,OH,10.9,39089,OH-Licking,10719.48,14625.0
29061,Daviess,MO,11.0,29061,MO-Daviess,11440.06,1247.0
41023,Grant,OR,10.0,41023,OR-Grant,9126.7,1644.0
37007,Anson,NC,14.6,37007,NC-Anson,12064.66,2055.0
22105,Tangipahoa,LA,13.5,22105,LA-Tangipahoa,15385.83,8784.0
48241,Jasper,TX,12.9,48241,TX-Jasper,13798.68,4153.0
40113,Osage,OK,11.4,40113,OK-Osage,14370.99,4873.0
30033,Garfield,MT,8.5,30033,MT-Garfield,8054.03,267.0
54005,Boone,WV,13.1,54005,WV-Boone,12588.08,1834.0
13287,Turner,GA,15.6,13287,GA-Turner,11180.19,542.0
48185,Grimes,TX,12.3,48185,TX-Grimes,12686.77,2935.0
20127,Morris,KS,9.6,20127,KS-Morris,11490.85,1169.0
48275,Knox,TX,12.5,48275,TX-Knox,14004.72,531.0
08105,Rio Grande,CO,9.6,08105,CO-Rio Grande,9488.35,1918.0
23013,Knox,ME,8.0,23013,ME-Knox,9352.9,5252.0
18149,Starke,IN,11.8,18149,IN-Starke,11379.04,3008.0
19007,Appanoose,IA,11.5,19007,IA-Appanoose,11608.94,1967.0
16067,Minidoka,ID,11.0,16067,ID-Minidoka,10445.05,2205.0
45041,Florence,SC,13.2,45041,SC-Florence,12386.27,16094.0
38009,Bottineau,ND,8.7,38009,ND-Bottineau,10933.06,1503.0
46121,Todd,SD,22.9,46121,SD-Todd,17220.95,730.0
48009,Archer,TX,9.9,48009,TX-Archer,14773.24,1356.0
08037,Eagle,CO,7.5,08037,CO-Eagle,9416.21,5384.0
17131,Mercer,IL,9.6,17131,IL-Mercer,12353.61,1837.0
18039,Elkhart,IN,12.2,18039,IN-Elkhart,12214.42,16169.0
19195,Worth,IA,9.4,19195,IA-Worth,9842.94,1349.0
31153,Sarpy,NE,8.9,31153,NE-Sarpy,11189.41,16937.0
20073,Greenwood,KS,10.2,20073,KS-Greenwood,12625.4,1246.0
51185,Tazewell,VA,12.4,51185,VA-Tazewell,10272.57,5268.0
39153,Summit,OH,11.4,39153,OH-Summit,10748.05,37250.0
41051,Multnomah,OR,9.1,41051,OR-Multnomah,9045.43,34019.0
40023,Choctaw,OK,13.8,40023,OK-Choctaw,14389.34,2380.0
20033,Comanche,KS,9.7,20033,KS-Comanche,14040.28,460.0
26091,Lenawee,MI,10.0,26091,MI-Lenawee,10829.67,9802.0
37029,Camden,NC,8.8,37029,NC-Camden,10571.04,1411.0
51685,Manassas Park,VA,13.9,51685,VA-Manassas Park City,11962.41,517.0
22041,Franklin,LA,15.1,22041,LA-Franklin,16480.29,2368.0
48411,San Saba,TX,12.0,48411,TX-San Saba,12000.51,883.0
30097,Sweet Grass,MT,7.7,30097,MT-Sweet Grass,10230.13,807.0
13049,Charlton,GA,15.4,13049,GA-Charlton,13646.16,982.0
38019,Cavalier,ND,8.2,38019,ND-Cavalier,11952.38,810.0
20151,Pratt,KS,9.9,20151,KS-Pratt,12198.82,1821.0
18103,Miami,IN,12.5,18103,IN-Miami,12209.03,3956.0
31143,Polk,NE,8.9,31143,NE-Polk,10828.62,1042.0
29051,Cole,MO,9.4,29051,MO-Cole,10882.64,6584.0
26037,Clinton,MI,8.6,26037,MI-Clinton,11098.05,4543.0
17043,DuPage,IL,8.5,17043,IL-DuPage,12368.94,89814.0
32033,White Pine,NV,10.2,32033,NV-White Pine,11133.78,1722.0
46101,Moody,SD,9.6,46101,SD-Moody,10770.52,847.0
56021,Laramie,WY,9.3,56021,WY-Laramie,10462.08,15544.0
13075,Cook,GA,14.4,13075,GA-Cook,12827.69,1363.0
48307,McCulloch,TX,11.9,48307,TX-McCulloch,12754.21,1258.0
40087,McClain,OK,9.8,40087,OK-McClain,12676.64,5227.0
13253,Seminole,GA,13.4,13253,GA-Seminole,12381.9,964.0
22063,Livingston,LA,11.7,22063,LA-Livingston,13101.75,6592.0
32011,Eureka,NV,12.3,32011,NV-Eureka,10064.15,320.0
13085,Dawson,GA,9.6,13085,GA-Dawson,11853.28,2953.0
46057,Hamlin,SD,9.0,46057,SD-Hamlin,11495.35,576.0
51175,Southampton,VA,12.1,51175,VA-Southampton,11391.98,2450.0
31049,Deuel,NE,9.7,31049,NE-Deuel,10198.79,476.0
31085,Hayes,NE,9.9,31085,NE-Hayes,7786.15,195.0
37135,Orange,NC,9.0,37135,NC-Orange,9476.22,11049.0
48063,Camp,TX,13.7,48063,TX-Camp,12656.66,1464.0
38083,Sheridan,ND,9.0,38083,ND-Sheridan,10159.24,269.0
40033,Cotton,OK,12.1,40033,OK-Cotton,16104.31,873.0
54099,Wayne,WV,13.1,54099,WV-Wayne,10808.99,4072.0
48121,Denton,TX,9.6,48121,TX-Denton,13422.72,55351.0
48387,Red River,TX,12.5,48387,TX-Red River,14652.29,1925.0
48155,Foard,TX,13.6,48155,TX-Foard,16186.8,213.0
25001,Barnstable,MA,7.1,25001,MA-Barnstable,11720.45,58234.0
19067,Floyd,IA,9.8,19067,IA-Floyd,11724.92,2848.0
05109,Pike,AR,11.4,05109,AR-Pike,12205.17,1604.0
28161,Yalobusha,MS,15.0,28161,MS-Yalobusha,15360.39,2216.0
01065,Hale,AL,16.3,01065,AL-Hale,11775.91,1306.0
01069,Houston,AL,13.1,01069,AL-Houston,13501.04,9266.0
26081,Kent,MI,9.6,26081,MI-Kent,10843.91,27875.0
05073,Lafayette,AR,15.3,05073,AR-Lafayette,12954.67,904.0
55063,La Crosse,WI,9.3,55063,WI-La Crosse,9679.81,11160.0
48091,Comal,TX,9.2,48091,TX-Comal,11404.34,21457.0
31183,Wheeler,NE,8.9,31183,NE-Wheeler,10545.53,167.0
51730,Petersburg,VA,17.0,51730,VA-Petersburg City,13631.44,2895.0
29127,Marion,MO,10.6,29127,MO-Marion,11849.72,4395.0
37071,Gaston,NC,10.7,37071,NC-Gaston,11842.92,16740.0
01091,Marengo,AL,16.1,01091,AL-Marengo,13083.67,1944.0
19131,Mitchell,IA,9.3,19131,IA-Mitchell,10789.89,2114.0
05099,Nevada,AR,14.2,05099,AR-Nevada,12376.97,1103.0
18093,Lawrence,IN,11.0,18093,IN-Lawrence,11555.8,5570.0
08067,La Plata,CO,7.5,08067,CO-La Plata,9366.46,8039.0
01129,Washington,AL,13.3,01129,AL-Washington,13926.87,1629.0
38073,Ransom,ND,9.4,38073,ND-Ransom,10663.5,701.0
26137,Otsego,MI,9.4,26137,MI-Otsego,9376.93,3231.0
29223,Wayne,MO,12.6,29223,MO-Wayne,10838.95,1521.0
48421,Sherman,TX,11.2,48421,TX-Sherman,10741.67,257.0
16041,Franklin,ID,8.5,16041,ID-Franklin,10188.14,1613.0
05137,Stone,AR,12.0,05137,AR-Stone,11583.89,2530.0
17185,Wabash,IL,10.4,17185,IL-Wabash,13122.91,2166.0
08101,Pueblo,CO,10.4,08101,CO-Pueblo,11081.06,13783.0
55125,Vilas,WI,8.9,55125,WI-Vilas,9714.62,4990.0
01035,Conecuh,AL,16.8,01035,AL-Conecuh,11929.47,1316.0
13113,Fayette,GA,10.0,13113,GA-Fayette,11417.78,12408.0
51155,Pulaski,VA,10.8,51155,VA-Pulaski,11096.81,4753.0
27117,Pipestone,MN,10.0,27117,MN-Pipestone,13610.35,923.0
47189,Wilson,TN,9.8,47189,TN-Wilson,12003.13,12428.0
05075,Lawrence,AR,12.0,05075,AR-Lawrence,13812.82,2167.0
46027,Clay,SD,10.3,46027,SD-Clay,10463.8,1407.0
48265,Kerr,TX,10.8,48265,TX-Kerr,11262.75,10718.0
30063,Missoula,MT,7.9,30063,MT-Missoula,8590.44,16829.0
12107,Putnam,FL,13.4,12107,FL-Putnam,13407.38,8529.0
18069,Huntington,IN,11.1,18069,IN-Huntington,10611.92,3166.0
17009,Brown,IL,11.4,17009,IL-Brown,10183.32,664.0
16063,Lincoln,ID,10.4,16063,ID-Lincoln,11244.18,501.0
22079,Rapides,LA,13.4,22079,LA-Rapides,13931.89,15307.0
19057,Des Moines,IA,9.8,19057,IA-Des Moines,10824.2,6666.0
16019,Bonneville,ID,8.9,16019,ID-Bonneville,12087.79,10740.0
20029,Cloud,KS,10.0,20029,KS-Cloud,13365.09,1846.0
20171,Scott,KS,9.5,20171,KS-Scott,16540.45,920.0
05129,Searcy,AR,12.5,05129,AR-Searcy,9993.37,1335.0
36007,Broome,NY,9.5,36007,NY-Broome,10847.61,15129.0
55045,Green,WI,8.7,55045,WI-Green,8501.38,5314.0
48407,San Jacinto,TX,12.7,48407,TX-San Jacinto,14709.78,2383.0
13071,Colquitt,GA,14.8,13071,GA-Colquitt,13247.86,3226.0
53033,King,WA,7.2,53033,WA-King,9825.86,134987.0
17195,Whiteside,IL,10.2,17195,IL-Whiteside,10620.48,8236.0
06009,Calaveras,CA,9.1,06009,CA-Calaveras,9313.27,11031.0
37049,Craven,NC,10.5,37049,NC-Craven,10619.63,16554.0
13027,Brooks,GA,15.7,13027,GA-Brooks,11738.63,1601.0
39007,Ashtabula,OH,13.0,39007,OH-Ashtabula,12646.11,11530.0
51079,Greene,VA,10.4,51079,VA-Greene,10094.25,2880.0
51700,Newport News,VA,13.3,51700,VA-Newport News City,11294.86,14771.0
41031,Jefferson,OR,11.0,41031,OR-Jefferson,9739.34,3039.0
18067,Howard,IN,11.8,18067,IN-Howard,12952.07,9515.0
36109,Tompkins,NY,8.2,36109,NY-Tompkins,9510.69,8667.0
01045,Dale,AL,13.7,01045,AL-Dale,12425.31,4726.0
30031,Gallatin,MT,7.2,30031,MT-Gallatin,8985.16,12494.0
34017,Hudson,NJ,10.8,34017,NJ-Hudson,12657.36,29648.0
27147,Steele,MN,9.0,27147,MN-Steele,10596.05,3720.0
01089,Madison,AL,10.9,01089,AL-Madison,12533.54,35439.0
49027,Millard,UT,10.1,49027,UT-Millard,10054.66,1790.0
49023,Juab,UT,8.9,49023,UT-Juab,11375.21,1077.0
19105,Jones,IA,9.4,19105,IA-Jones,10765.77,2678.0
22021,Caldwell,LA,14.2,22021,LA-Caldwell,15379.64,1141.0
48001,Anderson,TX,13.0,48001,TX-Anderson,13201.55,4875.0
51059,Fairfax,VA,9.5,51059,VA-Fairfax,9991.26,88826.0
40111,Okmulgee,OK,13.2,40111,OK-Okmulgee,13605.7,4341.0
18147,Spencer,IN,10.4,18147,IN-Spencer,10727.86,2667.0
53055,San Juan,WA,7.0,53055,WA-San Juan,8677.89,4843.0
30041,Hill,MT,10.9,30041,MT-Hill,8822.71,2830.0
47119,Maury,TN,10.8,47119,TN-Maury,11026.34,10737.0
46061,Hanson,SD,9.9,46061,SD-Hanson,6655.56,683.0
55077,Marquette,WI,10.1,55077,WI-Marquette,8953.24,2151.0
08081,Moffat,CO,9.2,08081,CO-Moffat,10031.28,1849.0
32007,Elko,NV,10.4,32007,NV-Elko,8952.33,6491.0
30105,Valley,MT,8.6,30105,MT-Valley,10257.03,1657.0
55067,Langlade,WI,10.0,55067,WI-Langlade,9582.09,2152.0
37075,Graham,NC,9.8,37075,NC-Graham,10857.96,1047.0
48299,Llano,TX,10.1,48299,TX-Llano,12840.74,4528.0
38049,McHenry,ND,8.9,38049,ND-McHenry,8508.58,893.0
47169,Trousdale,TN,12.3,47169,TN-Trousdale,13461.45,809.0
48087,Collingsworth,TX,12.7,48087,TX-Collingsworth,16406.27,468.0
27145,Stearns,MN,9.4,27145,MN-Stearns,10597.14,12189.0
18089,Lake,IN,12.9,18089,IN-Lake,13874.1,48729.0
19169,Story,IA,9.8,19169,IA-Story,10117.61,10051.0
19071,Fremont,IA,9.3,19071,IA-Fremont,14962.96,1302.0
16049,Idaho,ID,8.8,16049,ID-Idaho,7977.19,4649.0
18025,Crawford,IN,13.5,18025,IN-Crawford,10376.71,1356.0
16053,Jerome,ID,11.7,16053,ID-Jerome,10879.98,1762.0
08091,Ouray,CO,6.6,08091,CO-Ouray,8139.95,1208.0
29101,Johnson,MO,10.3,29101,MO-Johnson,12509.44,4716.0
49057,Weber,UT,8.9,49057,UT-Weber,11342.3,15827.0
53075,Whitman,WA,9.9,53075,WA-Whitman,10460.44,4881.0
20137,Norton,KS,10.8,20137,KS-Norton,12523.78,983.0
28001,Adams,MS,16.8,28001,MS-Adams,13584.05,4100.0
01119,Sumter,AL,18.2,01119,AL-Sumter,12031.56,971.0
05013,Calhoun,AR,11.3,05013,AR-Calhoun,17537.68,640.0
34039,Union,NJ,10.2,34039,NJ-Union,11698.6,38361.0
31091,Hooker,NE,9.4,31091,NE-Hooker,8968.53,212.0
46071,Jackson,SD,17.1,46071,SD-Jackson,13819.27,313.0
48385,Real,TX,12.6,48385,TX-Real,13492.2,773.0
37147,Pitt,NC,12.0,37147,NC-Pitt,11351.16,14607.0
29071,Franklin,MO,9.7,29071,MO-Franklin,12427.7,6340.0
50021,Rutland,VT,7.6,50021,VT-Rutland,9751.59,11239.0
22019,Calcasieu,LA,12.5,22019,LA-Calcasieu,12898.01,19842.0
08071,Las Animas,CO,10.4,08071,CO-Las Animas,8462.99,2114.0
06035,Lassen,CA,10.6,06035,CA-Lassen,9414.88,4594.0
48343,Morris,TX,12.5,48343,TX-Morris,12606.95,1501.0
53011,Clark,WA,8.4,53011,WA-Clark,9573.6,24890.0
26047,Emmet,MI,8.5,26047,MI-Emmet,9982.91,4621.0
25015,Hampshire,MA,7.8,25015,MA-Hampshire,9656.11,22895.0
13317,Wilkes,GA,14.4,13317,GA-Wilkes,11932.99,1000.0
29007,Audrain,MO,11.6,29007,MO-Audrain,11029.28,3249.0
51013,Arlington,VA,8.5,51013,VA-Arlington,9776.49,13836.0
08027,Custer,CO,7.8,08027,CO-Custer,9077.06,1108.0
40003,Alfalfa,OK,11.1,40003,OK-Alfalfa,12866.02,896.0
01055,Etowah,AL,13.4,01055,AL-Etowah,14496.42,8862.0
13051,Chatham,GA,12.1,13051,GA-Chatham,11846.52,21747.0
17089,Kane,IL,10.1,17089,IL-Kane,12759.95,46255.0
28051,Holmes,MS,21.0,28051,MS-Holmes,18773.21,1592.0
40057,Harmon,OK,13.8,40057,OK-Harmon,17474.7,438.0
02060,Bristol Bay,AK,9.1,02060,AK-Bristol Bay,10405.53,127.0
13005,Bacon,GA,13.0,13005,GA-Bacon,14048.61,964.0
22049,Jackson,LA,14.4,22049,LA-Jackson,15558.07,1998.0
29037,Cass,MO,9.5,29037,MO-Cass,13438.79,9189.0
01025,Clarke,AL,14.9,01025,AL-Clarke,12092.79,1910.0
40121,Pittsburg,OK,11.8,40121,OK-Pittsburg,13004.88,6493.0
34021,Mercer,NJ,9.8,34021,NJ-Mercer,13435.06,30307.0
54061,Monongalia,WV,12.1,54061,WV-Monongalia,12501.43,6090.0
31027,Cedar,NE,8.4,31027,NE-Cedar,10431.09,1276.0
13115,Floyd,GA,12.6,13115,GA-Floyd,13066.99,8964.0
20093,Kearny,KS,11.2,20093,KS-Kearny,11071.08,535.0
55139,Winnebago,WI,9.9,55139,WI-Winnebago,10762.15,9614.0
12121,Suwannee,FL,11.9,12121,FL-Suwannee,11488.64,5561.0
01109,Pike,AL,14.6,01109,AL-Pike,12331.93,2059.0
41021,Gilliam,OR,10.2,41021,OR-Gilliam,8072.64,492.0
16039,Elmore,ID,10.2,16039,ID-Elmore,9081.04,2637.0
56007,Carbon,WY,10.7,56007,WY-Carbon,8648.0,2314.0
38075,Renville,ND,8.5,38075,ND-Renville,9483.04,456.0
45017,Calhoun,SC,12.9,45017,SC-Calhoun,10960.54,1774.0
31103,Keya Paha,NE,9.7,31103,NE-Keya Paha,13371.15,188.0
09150,Northeastern Connecticut,CT,8.0,09150,CT-Northeastern Connecticut,12015.77,7665.0
55007,Bayfield,WI,9.2,55007,WI-Bayfield,8388.08,2978.0
51147,Prince Edward,VA,14.3,51147,VA-Prince Edward,11282.74,2698.0
26077,Kalamazoo,MI,9.4,26077,MI-Kalamazoo,10963.86,16040.0
27111,Otter Tail,MN,8.7,27111,MN-Otter Tail,10718.08,7286.0
55059,Kenosha,WI,10.0,55059,WI-Kenosha,11296.14,13909.0
26159,Van Buren,MI,10.8,26159,MI-Van Buren,10514.49,6227.0
17029,Coles,IL,10.4,17029,IL-Coles,11506.71,5553.0
18177,Wayne,IN,12.1,18177,IN-Wayne,12147.36,9616.0
05065,Izard,AR,12.0,05065,AR-Izard,11343.37,2221.0
48429,Stephens,TX,11.8,48429,TX-Stephens,12760.92,1246.0
18029,Dearborn,IN,9.9,18029,IN-Dearborn,12235.14,5721.0
36071,Orange,NY,10.1,36071,NY-Orange,11918.57,38963.0
13223,Paulding,GA,10.9,13223,GA-Paulding,12097.68,9682.0
30071,Phillips,MT,8.8,30071,MT-Phillips,9589.33,919.0
51683,Manassas,VA,11.8,51683,VA-Manassas City,10517.42,2551.0
54019,Fayette,WV,13.8,54019,WV-Fayette,10949.29,4485.0
31155,Saunders,NE,8.4,31155,NE-Saunders,12695.58,2949.0
26013,Baraga,MI,11.6,26013,MI-Baraga,9833.78,987.0
38011,Bowman,ND,8.5,38011,ND-Bowman,14043.91,631.0
27033,Cottonwood,MN,10.2,27033,MN-Cottonwood,11126.16,1602.0
01099,Monroe,AL,15.6,01099,AL-Monroe,11614.5,1656.0
47025,Claiborne,TN,12.3,47025,TN-Claiborne,11645.9,2603.0
48471,Walker,TX,13.8,48471,TX-Walker,13804.0,4363.0
48459,Upshur,TX,11.4,48459,TX-Upshur,13222.34,4130.0
13157,Jackson,GA,10.4,13157,GA-Jackson,11497.31,6737.0
39021,Champaign,OH,10.2,39021,OH-Champaign,11706.76,3753.0
12029,Dixie,FL,12.3,12029,FL-Dixie,12711.2,1752.0
48365,Panola,TX,11.3,48365,TX-Panola,13599.39,2591.0
40067,Jefferson,OK,12.8,40067,OK-Jefferson,16343.65,1030.0
32510,Carson City,NV,9.9,32510,NV-Carson City,9714.22,8270.0
06099,Stanislaus,CA,11.2,06099,CA-Stanislaus,11368.15,32770.0
47055,Giles,TN,12.2,47055,TN-Giles,12544.69,4039.0
37011,Avery,NC,10.2,37011,NC-Avery,11169.58,2534.0
20059,Franklin,KS,9.6,20059,KS-Franklin,12680.91,3748.0
48065,Carson,TX,9.3,48065,TX-Carson,13891.72,691.0
19027,Carroll,IA,9.3,19027,IA-Carroll,9643.08,3875.0
05139,Union,AR,13.0,05139,AR-Union,12196.44,5514.0
46125,Turner,SD,9.3,46125,SD-Turner,11048.77,981.0
26051,Gladwin,MI,10.4,26051,MI-Gladwin,10329.56,3063.0
18011,Boone,IN,9.3,18011,IN-Boone,12335.84,6489.0
55085,Oneida,WI,9.3,55085,WI-Oneida,9889.0,5999.0
28123,Scott,MS,15.8,28123,MS-Scott,16374.83,2700.0
47089,Jefferson,TN,10.8,47089,TN-Jefferson,10905.52,5540.0
20115,Marion,KS,9.5,20115,KS-Marion,11568.8,2413.0
30077,Powell,MT,9.2,30077,MT-Powell,9511.62,1226.0
25011,Franklin,MA,8.1,25011,MA-Franklin,9685.6,12348.0
48097,Cooke,TX,10.8,48097,TX-Cooke,14185.71,4841.0
40031,Comanche,OK,12.7,40031,OK-Comanche,12509.41,13529.0
45081,Saluda,SC,13.3,45081,SC-Saluda,11190.91,1893.0
45003,Aiken,SC,11.3,45003,SC-Aiken,10908.26,22433.0
27081,Lincoln,MN,8.9,27081,MN-Lincoln,10866.82,904.0
12059,Holmes,FL,11.9,12059,FL-Holmes,13246.54,2288.0
31039,Cuming,NE,9.5,31039,NE-Cuming,12704.46,1576.0
13307,Webster,GA,15.5,13307,GA-Webster,11494.54,177.0
02180,Nome,AK,13.7,02180,AK-Nome,12995.92,775.0
05095,Monroe,AR,14.3,05095,AR-Monroe,10949.61,922.0
17151,Pope,IL,9.8,17151,IL-Pope,10091.69,740.0
47161,Stewart,TN,11.0,47161,TN-Stewart,12556.22,1987.0
18131,Pulaski,IN,11.4,18131,IN-Pulaski,10773.86,1782.0
20179,Sheridan,KS,8.9,20179,KS-Sheridan,17848.4,581.0
17015,Carroll,IL,10.3,17015,IL-Carroll,10488.65,2464.0
23031,York,ME,8.0,23031,ME-York,10301.36,23900.0
45057,Lancaster,SC,11.3,45057,SC-Lancaster,11353.82,13828.0
39069,Henry,OH,10.5,39069,OH-Henry,11696.49,3721.0
45087,Union,SC,15.0,45087,SC-Union,11671.45,2853.0
55105,Rock,WI,10.3,55105,WI-Rock,10656.59,16362.0
47183,Weakley,TN,12.8,47183,TN-Weakley,11917.33,4236.0
06001,Alameda,CA,10.1,06001,CA-Alameda,10711.52,92338.0
24031,Montgomery,MD,9.2,24031,MD-Montgomery,10769.02,111773.0
48395,Robertson,TX,12.3,48395,TX-Robertson,13266.46,1978.0
39149,Shelby,OH,10.9,39149,OH-Shelby,10743.91,5885.0
20021,Cherokee,KS,10.6,20021,KS-Cherokee,12515.87,2621.0
13035,Butts,GA,12.6,13035,GA-Butts,12083.78,1746.0
48311,McMullen,TX,14.1,48311,TX-McMullen,14260.67,89.0
05121,Randolph,AR,12.2,05121,AR-Randolph,12939.52,2303.0
19081,Hancock,IA,9.6,19081,IA-Hancock,11286.85,2091.0
05003,Ashley,AR,14.2,05003,AR-Ashley,13741.39,3222.0
17169,Schuyler,IL,11.0,17169,IL-Schuyler,11177.95,1061.0
48027,Bell,TX,13.0,48027,TX-Bell,10855.79,25354.0
36047,Kings,NY,11.1,36047,NY-Kings,14527.7,142677.0
28011,Bolivar,MS,17.9,28011,MS-Bolivar,15667.05,3497.0
26099,Macomb,MI,9.6,26099,MI-Macomb,13569.83,70220.0
47097,Lauderdale,TN,15.1,47097,TN-Lauderdale,13473.46,2415.0
06065,Riverside,CA,11.3,06065,CA-Riverside,12949.26,120587.0
40037,Creek,OK,11.2,40037,OK-Creek,14857.88,6785.0
48235,Irion,TX,10.3,48235,TX-Irion,13563.65,207.0
41039,Lane,OR,9.3,41039,OR-Lane,8805.37,29913.0
39079,Jackson,OH,12.4,39079,OH-Jackson,12900.58,3531.0
08057,Jackson,CO,9.8,08057,CO-Jackson,7846.86,246.0
41009,Columbia,OR,9.6,41009,OR-Columbia,8512.49,4216.0
46041,Dewey,SD,18.0,46041,SD-Dewey,15596.85,562.0
48199,Hardin,TX,10.4,48199,TX-Hardin,14369.26,4996.0
46103,Pennington,SD,9.9,46103,SD-Pennington,10041.28,17117.0
37005,Alleghany,NC,11.2,37005,NC-Alleghany,9762.79,1667.0
47127,Moore,TN,11.3,47127,TN-Moore,11152.84,923.0
53067,Thurston,WA,8.9,53067,WA-Thurston,8879.95,29160.0
18171,Warren,IN,10.9,18171,IN-Warren,11533.03,1147.0
54091,Taylor,WV,12.6,54091,WV-Taylor,11566.67,1787.0
48225,Houston,TX,13.5,48225,TX-Houston,12980.84,2727.0
46119,Sully,SD,8.9,46119,SD-Sully,10100.67,269.0
22005,Ascension,LA,11.2,22005,LA-Ascension,12700.38,5144.0
29179,Reynolds,MO,11.8,29179,MO-Reynolds,10346.66,819.0
35017,Grant,NM,11.4,35017,NM-Grant,8816.39,4736.0
13063,Clayton,GA,16.1,13063,GA-Clayton,11513.18,8857.0
48501,Yoakum,TX,13.0,48501,TX-Yoakum,14083.6,706.0
02130,Ketchikan Gateway,AK,8.6,02130,AK-Ketchikan Gateway,9887.2,2423.0
29079,Grundy,MO,11.2,29079,MO-Grundy,13635.43,1780.0
51179,Stafford,VA,10.2,51179,VA-Stafford,11094.33,12878.0
18075,Jay,IN,12.2,18075,IN-Jay,11499.68,2273.0
27067,Kandiyohi,MN,10.0,27067,MN-Kandiyohi,10508.6,4378.0
39105,Meigs,OH,13.5,39105,OH-Meigs,11351.81,2349.0
12111,St. Lucie,FL,11.2,12111,FL-St. Lucie,13736.04,37892.0
29211,Sullivan,MO,11.9,29211,MO-Sullivan,11621.53,956.0
20201,Washington,KS,8.9,20201,KS-Washington,14308.64,1235.0
37083,Halifax,NC,15.2,37083,NC-Halifax,11508.57,5360.0
53003,Asotin,WA,9.3,53003,WA-Asotin,9347.72,4670.0
29015,Benton,MO,11.0,29015,MO-Benton,9963.48,3415.0
30007,Broadwater,MT,7.8,30007,MT-Broadwater,9182.28,1232.0
06087,Santa Cruz,CA,9.0,06087,CA-Santa Cruz,9649.26,37845.0
55115,Shawano,WI,9.7,55115,WI-Shawano,9450.26,2865.0
29115,Linn,MO,10.5,29115,MO-Linn,12656.58,2141.0
12083,Marion,FL,10.9,12083,FL-Marion,12894.46,49407.0
13127,Glynn,GA,12.0,13127,GA-Glynn,11763.34,10367.0
02090,Fairbanks North Star,AK,8.3,02090,AK-Fairbanks North Star,7065.32,11432.0
16029,Caribou,ID,8.7,16029,ID-Caribou,11978.89,1262.0
01015,Calhoun,AL,12.9,01015,AL-Calhoun,13300.19,11353.0
31133,Pawnee,NE,9.9,31133,NE-Pawnee,11318.18,575.0
48289,Leon,TX,11.4,48289,TX-Leon,12580.43,2563.0
22059,LaSalle,LA,12.4,22059,LA-LaSalle,16930.52,1989.0
08001,Adams,CO,9.9,08001,CO-Adams,11371.69,17883.0
39143,Sandusky,OH,11.6,39143,OH-Sandusky,10691.99,7476.0
51036,Charles City,VA,13.7,51036,VA-Charles City,11597.41,1019.0
33011,Hillsborough,NH,7.9,33011,NH-Hillsborough,10451.58,47384.0
51740,Portsmouth,VA,14.9,51740,VA-Portsmouth City,11352.38,8277.0
18077,Jefferson,IN,11.1,18077,IN-Jefferson,11400.35,4253.0
10001,Kent,DE,12.4,10001,DE-Kent,12176.4,26339.0
51760,Richmond,VA,13.5,51760,VA-Richmond City,11360.05,14043.0
13245,Richmond,GA,15.9,13245,GA-Richmond,11103.53,13537.0
19179,Wapello,IA,11.5,19179,IA-Wapello,10904.57,4034.0
01079,Lawrence,AL,12.5,01079,AL-Lawrence,12490.9,3194.0
17105,Livingston,IL,9.9,17105,IL-Livingston,9992.99,4663.0
35007,Colfax,NM,11.4,35007,NM-Colfax,8402.96,2053.0
13093,Dooly,GA,15.2,13093,GA-Dooly,11912.32,672.0
51073,Gloucester,VA,9.9,51073,VA-Gloucester,11128.08,6261.0
49049,Utah,UT,8.8,49049,UT-Utah,11584.28,24331.0
56037,Sweetwater,WY,10.0,56037,WY-Sweetwater,8481.66,6234.0
04003,Cochise,AZ,10.6,04003,AZ-Cochise,9918.76,17210.0
17039,De Witt,IL,9.6,17039,IL-DeWitt,10398.14,2137.0
08115,Sedgwick,CO,9.0,08115,CO-Sedgwick,12120.09,660.0
22015,Bossier,LA,12.1,22015,LA-Bossier,15080.88,12380.0
46031,Corson,SD,18.3,46031,SD-Corson,10189.36,398.0
08051,Gunnison,CO,7.1,08051,CO-Gunnison,8571.42,2038.0
31069,Garden,NE,10.5,31069,NE-Garden,13024.55,490.0
55037,Florence,WI,9.2,55037,WI-Florence,9462.7,753.0
51159,Richmond,VA,12.7,51159,VA-Richmond,11877.1,1221.0
06043,Mariposa,CA,9.4,06043,CA-Mariposa,10349.36,4006.0
29173,Ralls,MO,10.4,29173,MO-Ralls,10876.91,1733.0
17005,Bond,IL,10.3,17005,IL-Bond,12273.37,2107.0
51103,Lancaster,VA,11.6,51103,VA-Lancaster,10732.67,3012.0
27121,Pope,MN,8.9,27121,MN-Pope,11463.37,1761.0
28073,Lamar,MS,11.2,28073,MS-Lamar,12688.49,5800.0
40129,Roger Mills,OK,11.3,40129,OK-Roger Mills,15531.49,675.0
37155,Robeson,NC,16.4,37155,NC-Robeson,11648.46,7529.0
26149,St. Joseph,MI,10.5,26149,MI-St. Joseph,10129.69,5794.0
19145,Page,IA,10.6,19145,IA-Page,13818.48,3040.0
39041,Delaware,OH,8.7,39041,OH-Delaware,10562.77,17617.0
22121,West Baton Rouge,LA,12.6,22121,LA-West Baton Rouge,12846.5,1267.0
20001,Allen,KS,10.1,20001,KS-Allen,14051.76,2151.0
31023,Butler,NE,8.8,31023,NE-Butler,11048.47,1370.0
40095,Marshall,OK,12.2,40095,OK-Marshall,14330.13,2512.0
13179,Liberty,GA,13.9,13179,GA-Liberty,10553.88,3838.0
51007,Amelia,VA,12.8,51007,VA-Amelia,11453.53,1776.0
19041,Clay,IA,9.5,19041,IA-Clay,9782.05,3361.0
40099,Murray,OK,11.3,40099,OK-Murray,14644.04,2301.0
12131,Walton,FL,9.7,12131,FL-Walton,12415.97,10154.0
36095,Schoharie,NY,8.7,36095,NY-Schoharie,10244.06,3828.0
28137,Tate,MS,12.5,28137,MS-Tate,12661.04,3367.0
13215,Muscogee,GA,14.1,13215,GA-Muscogee,12055.75,15549.0
38067,Pembina,ND,9.3,38067,ND-Pembina,11797.54,1364.0
50011,Franklin,VT,7.9,50011,VT-Franklin,8709.79,6864.0
48215,Hidalgo,TX,17.7,48215,TX-Hidalgo,13402.6,23176.0
17069,Hardin,IL,10.5,17069,IL-Hardin,12561.92,721.0
48437,Swisher,TX,15.5,48437,TX-Swisher,13362.37,838.0
18119,Owen,IN,11.1,18119,IN-Owen,10310.24,2360.0
27047,Freeborn,MN,9.9,27047,MN-Freeborn,11266.74,3238.0
48161,Freestone,TX,11.9,48161,TX-Freestone,12190.66,2366.0
48171,Gillespie,TX,9.5,48171,TX-Gillespie,10383.21,6252.0
54069,Ohio,WV,12.0,54069,WV-Ohio,11478.52,4293.0
12049,Hardee,FL,14.4,12049,FL-Hardee,15091.89,1904.0
56027,Niobrara,WY,9.8,56027,WY-Niobrara,13645.99,508.0
19135,Monroe,IA,9.1,19135,IA-Monroe,12114.94,1144.0
12091,Okaloosa,FL,9.6,12091,FL-Okaloosa,13255.9,28149.0
55015,Calumet,WI,8.5,55015,WI-Calumet,10995.56,2333.0
29145,Newton,MO,11.1,29145,MO-Newton,11090.25,6590.0
15009,Maui,HI,9.6,15009,HI-Maui,7870.07,10878.0
44003,Kent,RI,9.6,44003,RI-Kent,11693.7,13224.0
39169,Wayne,OH,10.8,39169,OH-Wayne,9695.75,10141.0
13297,Walton,GA,11.3,13297,GA-Walton,12104.83,7711.0
45051,Horry,SC,10.9,45051,SC-Horry,11440.78,66298.0
48201,Harris,TX,13.2,48201,TX-Harris,14110.48,186715.0
19051,Davis,IA,9.7,19051,IA-Davis,12572.8,1183.0
04012,La Paz,AZ,11.5,04012,AZ-La Paz,11280.88,3125.0
17025,Clay,IL,10.9,17025,IL-Clay,12025.47,2504.0
39133,Portage,OH,10.5,39133,OH-Portage,10967.49,11516.0
55051,Iron,WI,9.6,55051,WI-Iron,9940.42,933.0
12003,Baker,FL,11.0,12003,FL-Baker,13806.74,2703.0
30061,Mineral,MT,8.8,30061,MT-Mineral,8860.06,1009.0
38003,Barnes,ND,9.0,38003,ND-Barnes,10056.73,1727.0
49005,Cache,UT,9.5,49005,UT-Cache,12301.53,5572.0
35045,San Juan,NM,12.8,35045,NM-San Juan,10595.28,13578.0
31151,Saline,NE,10.5,31151,NE-Saline,11999.27,1743.0
16083,Twin Falls,ID,9.9,16083,ID-Twin Falls,10462.75,7455.0
05057,Hempstead,AR,13.6,05057,AR-Hempstead,13667.55,2250.0
19017,Bremer,IA,8.4,19017,IA-Bremer,10610.33,3639.0
37035,Catawba,NC,10.1,37035,NC-Catawba,11507.2,14439.0
06053,Monterey,CA,11.6,06053,CA-Monterey,10103.65,54731.0
22095,St. John the Baptist,LA,14.9,22095,LA-St. John the Baptist,11316.64,1602.0
18055,Greene,IN,11.6,18055,IN-Greene,10681.22,4266.0
47033,Crockett,TN,12.8,47033,TN-Crockett,11210.9,1814.0
17049,Effingham,IL,9.2,17049,IL-Effingham,10311.09,5763.0
48467,Van Zandt,TX,10.7,48467,TX-Van Zandt,13128.79,6226.0
02220,Sitka,AK,8.4,02220,AK-Sitka,14079.19,1448.0
08013,Boulder,CO,6.7,08013,CO-Boulder,10835.76,24978.0
36065,Oneida,NY,9.5,36065,NY-Oneida,11062.26,22645.0
13191,McIntosh,GA,14.5,13191,GA-McIntosh,12242.56,1344.0
19115,Louisa,IA,10.1,19115,IA-Louisa,9657.18,1498.0
18003,Allen,IN,11.8,18003,IN-Allen,11881.58,23263.0
13267,Tattnall,GA,15.0,13267,GA-Tattnall,12393.3,1496.0
01133,Winston,AL,12.7,01133,AL-Winston,13007.21,2490.0
54083,Randolph,WV,12.7,54083,WV-Randolph,10567.1,3360.0
06107,Tulare,CA,13.1,06107,CA-Tulare,11076.69,39473.0
46095,Mellette,SD,18.3,46095,SD-Mellette,11743.41,278.0
51590,Danville,VA,16.6,51590,VA-Danville City,11640.17,4833.0
36017,Chenango,NY,9.3,36017,NY-Chenango,10303.69,4401.0
27019,Carver,MN,7.3,27019,MN-Carver,11858.75,5545.0
49015,Emery,UT,9.4,49015,UT-Emery,9738.38,1595.0
48137,Edwards,TX,13.7,48137,TX-Edwards,9302.65,302.0
20011,Bourbon,KS,10.4,20011,KS-Bourbon,11835.73,1871.0
54027,Hampshire,WV,12.4,54027,WV-Hampshire,9711.1,3415.0
22069,Natchitoches,LA,14.8,22069,LA-Natchitoches,13704.94,4027.0
20149,Pottawatomie,KS,8.5,20149,KS-Pottawatomie,14304.59,3387.0
51109,Louisa,VA,10.9,51109,VA-Louisa,10309.63,5600.0
17059,Gallatin,IL,10.5,17059,IL-Gallatin,14882.38,894.0
20051,Ellis,KS,9.7,20051,KS-Ellis,11549.71,4991.0
27057,Hubbard,MN,9.3,27057,MN-Hubbard,10726.35,3194.0
29143,New Madrid,MO,12.7,29143,MO-New Madrid,10839.97,2282.0
18141,St. Joseph,IN,11.7,18141,IN-St. Joseph,10665.13,22290.0
48035,Bosque,TX,10.5,48035,TX-Bosque,12248.09,2459.0
28115,Pontotoc,MS,12.2,28115,MS-Pontotoc,13170.76,4366.0
48245,Jefferson,TX,14.2,48245,TX-Jefferson,14500.98,15643.0
20107,Linn,KS,9.2,20107,KS-Linn,10597.95,1217.0
48279,Lamb,TX,14.3,48279,TX-Lamb,12632.69,1277.0
26121,Muskegon,MI,10.7,26121,MI-Muskegon,11450.63,10618.0
48057,Calhoun,TX,12.2,48057,TX-Calhoun,14595.63,2164.0
17143,Peoria,IL,10.9,17143,IL-Peoria,11014.63,17516.0
05087,Madison,AR,11.3,05087,AR-Madison,8918.13,1681.0
51630,Fredericksburg,VA,11.6,51630,VA-Fredericksburg City,11598.5,2533.0
06023,Humboldt,CA,10.0,06023,CA-Humboldt,8256.17,25682.0
22125,West Feliciana,LA,12.8,22125,LA-West Feliciana,14485.57,950.0
27131,Rice,MN,9.4,27131,MN-Rice,10043.4,3281.0
47063,Hamblen,TN,12.9,47063,TN-Hamblen,11365.38,5613.0
53041,Lewis,WA,9.6,53041,WA-Lewis,9324.25,9585.0
04021,Pinal,AZ,10.9,04021,AZ-Pinal,12187.23,36670.0
12017,Citrus,FL,10.2,12017,FL-Citrus,12426.87,27990.0
45023,Chester,SC,13.7,45023,SC-Chester,12054.98,3455.0
51043,Clarke,VA,9.1,51043,VA-Clarke,10003.65,2574.0
13149,Heard,GA,11.9,13149,GA-Heard,10993.57,803.0
20085,Jackson,KS,9.7,20085,KS-Jackson,12291.32,1911.0
37121,Mitchell,NC,9.4,37121,NC-Mitchell,10000.5,2044.0
48373,Polk,TX,12.5,48373,TX-Polk,11302.1,9126.0
51191,Washington,VA,10.3,51191,VA-Washington,11421.66,6933.0
35043,Sandoval,NM,9.7,35043,NM-Sandoval,9760.96,12428.0
48107,Crosby,TX,14.6,48107,TX-Crosby,13754.32,496.0
31065,Furnas,NE,9.9,31065,NE-Furnas,12417.24,1094.0
20045,Douglas,KS,9.2,20045,KS-Douglas,11156.0,12526.0
17177,Stephenson,IL,10.4,17177,IL-Stephenson,10620.25,4484.0
13269,Taylor,GA,16.0,13269,GA-Taylor,11784.08,587.0
22113,Vermilion,LA,12.8,22113,LA-Vermilion,12688.23,6569.0
48493,Wilson,TX,11.0,48493,TX-Wilson,11330.24,4844.0
20187,Stanton,KS,12.5,20187,KS-Stanton,17759.48,329.0
39061,Hamilton,OH,11.9,39061,OH-Hamilton,11866.22,55799.0
46109,Roberts,SD,12.8,46109,SD-Roberts,10508.9,1128.0
24009,Calvert,MD,9.1,24009,MD-Calvert,11179.38,13838.0
05037,Cross,AR,13.4,05037,AR-Cross,12197.57,1939.0
36023,Cortland,NY,8.6,36023,NY-Cortland,10712.02,4489.0
27161,Waseca,MN,9.5,27161,MN-Waseca,10327.41,1863.0
47019,Carter,TN,12.5,47019,TN-Carter,12706.21,4365.0
37069,Franklin,NC,10.7,37069,NC-Franklin,10839.33,6174.0
13021,Bibb,GA,15.2,13021,GA-Bibb,12885.1,11429.0
53017,Douglas,WA,9.5,53017,WA-Douglas,9712.81,5390.0
46005,Beadle,SD,11.3,46005,SD-Beadle,10493.0,2211.0
28143,Tunica,MS,19.9,28143,MS-Tunica,16380.09,647.0
46013,Brown,SD,9.5,46013,SD-Brown,11779.36,5909.0
45065,McCormick,SC,13.6,45065,SC-McCormick,9636.55,2185.0
48403,Sabine,TX,11.1,48403,TX-Sabine,14260.29,2100.0
46077,Kingsbury,SD,9.1,46077,SD-Kingsbury,10221.76,959.0
29221,Washington,MO,12.2,29221,MO-Washington,12148.54,1994.0
31087,Hitchcock,NE,9.7,31087,NE-Hitchcock,10915.45,637.0
41005,Clackamas,OR,8.6,41005,OR-Clackamas,8972.69,24398.0
20139,Osage,KS,9.6,20139,KS-Osage,10960.05,2698.0
40077,Latimer,OK,13.8,40077,OK-Latimer,15002.01,1593.0
24039,Somerset,MD,13.3,24039,MD-Somerset,11638.63,3802.0
18139,Rush,IN,11.5,18139,IN-Rush,12117.37,1982.0
19073,Greene,IA,9.8,19073,IA-Greene,12934.01,1510.0
51029,Buckingham,VA,13.6,51029,VA-Buckingham,11192.9,2059.0
39013,Belmont,OH,11.5,39013,OH-Belmont,12098.8,6469.0
48483,Wheeler,TX,11.8,48483,TX-Wheeler,16829.48,778.0
17079,Jasper,IL,9.1,17079,IL-Jasper,11799.42,1664.0
48051,Burleson,TX,11.0,48051,TX-Burleson,13607.25,2338.0
17197,Will,IL,9.5,17197,IL-Will,13111.89,59616.0
26025,Calhoun,MI,11.2,26025,MI-Calhoun,10792.16,13010.0
47103,Lincoln,TN,11.7,47103,TN-Lincoln,12162.37,3812.0
08065,Lake,CO,7.8,08065,CO-Lake,9093.48,680.0
28085,Lincoln,MS,13.1,28085,MS-Lincoln,13998.99,4696.0
29087,Holt,MO,10.3,29087,MO-Holt,10647.02,887.0
48191,Hall,TX,13.6,48191,TX-Hall,13500.54,436.0
19155,Pottawattamie,IA,9.7,19155,IA-Pottawattamie,11007.98,10648.0
55123,Vernon,WI,9.7,55123,WI-Vernon,10520.44,2880.0
39083,Knox,OH,10.5,39083,OH-Knox,11416.99,6378.0
18163,Vanderburgh,IN,11.2,18163,IN-Vanderburgh,12544.93,19379.0
30087,Rosebud,MT,11.5,30087,MT-Rosebud,9039.01,1275.0
40013,Bryan,OK,12.0,40013,OK-Bryan,16535.72,6181.0
13135,Gwinnett,GA,12.0,13135,GA-Gwinnett,11644.52,39790.0
19185,Wayne,IA,10.0,19185,IA-Wayne,12430.25,979.0
39039,Defiance,OH,10.9,39039,OH-Defiance,11557.86,4708.0
22123,West Carroll,LA,12.9,22123,LA-West Carroll,14890.41,1400.0
06073,San Diego,CA,9.4,06073,CA-San Diego,11889.63,203384.0
17023,Clark,IL,9.4,17023,IL-Clark,12641.75,2174.0
51660,Harrisonburg,VA,13.9,51660,VA-Harrisonburg City,10477.93,3849.0
13011,Banks,GA,11.5,13011,GA-Banks,11091.34,1472.0
20193,Thomas,KS,9.0,20193,KS-Thomas,15792.2,1432.0
08121,Washington,CO,8.2,08121,CO-Washington,9417.89,812.0
05047,Franklin,AR,11.7,05047,AR-Franklin,12549.63,2061.0
49039,Sanpete,UT,10.3,49039,UT-Sanpete,11211.19,2792.0
54047,McDowell,WV,17.4,54047,WV-McDowell,10846.73,1873.0
16021,Boundary,ID,9.4,16021,ID-Boundary,6576.18,1991.0
33019,Sullivan,NH,8.4,33019,NH-Sullivan,10043.92,7209.0
48135,Ector,TX,13.6,48135,TX-Ector,12843.43,8324.0
41069,Wheeler,OR,10.6,41069,OR-Wheeler,8730.94,356.0
48457,Tyler,TX,12.7,48457,TX-Tyler,13770.91,2390.0
28065,Jefferson Davis,MS,16.8,28065,MS-Jefferson Davis,16812.81,1484.0
48217,Hill,TX,11.5,48217,TX-Hill,12626.57,3782.0
38061,Mountrail,ND,11.6,38061,ND-Mountrail,9391.23,1148.0
08107,Routt,CO,6.8,08107,CO-Routt,8133.36,3641.0
28149,Warren,MS,13.5,28149,MS-Warren,13301.33,5483.0
56045,Weston,WY,9.7,56045,WY-Weston,9740.89,1451.0
48021,Bastrop,TX,12.0,48021,TX-Bastrop,12654.19,7439.0
39113,Montgomery,OH,12.5,39113,OH-Montgomery,11911.94,38194.0
06079,San Luis Obispo,CA,8.6,06079,CA-San Luis Obispo,9804.78,50732.0
01007,Bibb,AL,13.9,01007,AL-Bibb,13048.81,1314.0
31141,Platte,NE,10.0,31141,NE-Platte,10510.78,4993.0
27097,Morrison,MN,9.3,27097,MN-Morrison,10640.17,3192.0
53027,Grays Harbor,WA,10.5,53027,WA-Grays Harbor,9327.21,16122.0
46055,Haakon,SD,9.8,46055,SD-Haakon,12798.19,461.0
26035,Clare,MI,11.1,26035,MI-Clare,10908.25,3586.0
53061,Snohomish,WA,8.3,53061,WA-Snohomish,9405.95,47994.0
29023,Butler,MO,12.6,29023,MO-Butler,10745.22,6453.0
08043,Fremont,CO,9.3,08043,CO-Fremont,9178.6,5232.0
19121,Madison,IA,8.5,19121,IA-Madison,11445.91,1930.0
13237,Putnam,GA,12.7,13237,GA-Putnam,11835.87,2760.0
54013,Calhoun,WV,15.1,54013,WV-Calhoun,10551.27,887.0
40047,Garfield,OK,11.3,40047,OK-Garfield,12916.55,8330.0
13101,Echols,GA,12.3,13101,GA-Echols,13804.01,253.0
40149,Washita,OK,10.8,40149,OK-Washita,12986.41,1708.0
13087,Decatur,GA,15.3,13087,GA-Decatur,11838.99,2315.0
06109,Tuolumne,CA,8.9,06109,CA-Tuolumne,9674.34,13657.0
02122,Kenai Peninsula,AK,7.9,02122,AK-Kenai Peninsula,9098.6,12302.0
17113,McLean,IL,9.5,17113,IL-McLean,9952.76,14963.0
31077,Greeley,NE,9.3,31077,NE-Greeley,11652.27,434.0
20065,Graham,KS,10.2,20065,KS-Graham,13781.01,643.0
05111,Poinsett,AR,12.1,05111,AR-Poinsett,12857.77,2428.0
48339,Montgomery,TX,10.4,48339,TX-Montgomery,14166.7,44578.0
37163,Sampson,NC,13.0,37163,NC-Sampson,12067.19,5163.0
01071,Jackson,AL,12.7,01071,AL-Jackson,12178.83,6042.0
35015,Eddy,NM,10.7,35015,NM-Eddy,11625.5,6184.0
39049,Franklin,OH,11.8,39049,OH-Franklin,11043.91,70127.0
51095,James City,VA,9.1,51095,VA-James City,11024.02,16393.0
17123,Marshall,IL,9.7,17123,IL-Marshall,10143.77,1953.0
47153,Sequatchie,TN,13.1,47153,TN-Sequatchie,12250.16,2015.0
29155,Pemiscot,MO,14.9,29155,MO-Pemiscot,12330.95,1721.0
38027,Eddy,ND,10.2,38027,ND-Eddy,11066.69,462.0
28021,Claiborne,MS,19.6,28021,MS-Claiborne,16894.64,766.0
13171,Lamar,GA,12.1,13171,GA-Lamar,10477.28,1558.0
30053,Lincoln,MT,9.4,30053,MT-Lincoln,8520.48,4272.0
54033,Harrison,WV,12.6,54033,WV-Harrison,11903.1,6914.0
39019,Carroll,OH,11.2,39019,OH-Carroll,10637.97,2176.0
18047,Franklin,IN,10.7,18047,IN-Franklin,11357.08,2709.0
37113,Macon,NC,10.0,37113,NC-Macon,9856.4,6899.0
41059,Umatilla,OR,11.4,41059,OR-Umatilla,9199.46,12872.0
13207,Monroe,GA,10.9,13207,GA-Monroe,10422.06,2646.0
17157,Randolph,IL,10.5,17157,IL-Randolph,13397.32,3546.0
51197,Wythe,VA,11.0,51197,VA-Wythe,11091.97,3955.0
54077,Preston,WV,12.6,54077,WV-Preston,11424.96,3686.0
50019,Orleans,VT,8.1,50019,VT-Orleans,9658.72,4988.0
29199,Scotland,MO,10.4,29199,MO-Scotland,15007.72,741.0
35023,Hidalgo,NM,12.6,35023,NM-Hidalgo,9263.71,509.0
51830,Williamsburg,VA,11.3,51830,VA-Williamsburg City,9407.69,1809.0
31013,Box Butte,NE,10.4,31013,NE-Box Butte,12077.31,2301.0
48179,Gray,TX,12.4,48179,TX-Gray,12912.35,2410.0
39103,Medina,OH,9.4,39103,OH-Medina,11298.8,16305.0
26143,Roscommon,MI,10.0,26143,MI-Roscommon,10397.7,3762.0
36087,Rockland,NY,9.9,36087,NY-Rockland,12959.29,34867.0
13077,Coweta,GA,10.8,13077,GA-Coweta,11372.48,11063.0
32019,Lyon,NV,9.8,32019,NV-Lyon,9658.28,7911.0
22103,St. Tammany,LA,10.9,22103,LA-St. Tammany,13360.74,19027.0
39125,Paulding,OH,11.2,39125,OH-Paulding,12862.91,2145.0
24019,Dorchester,MD,12.8,24019,MD-Dorchester,12134.83,6359.0
24029,Kent,MD,10.3,24029,MD-Kent,12396.55,4828.0
16073,Owyhee,ID,11.1,16073,ID-Owyhee,8515.96,905.0
05101,Newton,AR,10.9,05101,AR-Newton,8770.91,1150.0
13289,Twiggs,GA,13.7,13289,GA-Twiggs,12597.08,750.0
20109,Logan,KS,10.0,20109,KS-Logan,16770.62,591.0
48281,Lampasas,TX,11.0,48281,TX-Lampasas,12199.17,3086.0
28129,Smith,MS,13.5,28129,MS-Smith,14827.66,1985.0
54003,Berkeley,WV,12.0,54003,WV-Berkeley,9837.36,12268.0
19009,Audubon,IA,9.8,19009,IA-Audubon,12229.77,1261.0
45001,Abbeville,SC,13.2,45001,SC-Abbeville,11637.19,3038.0
49013,Duchesne,UT,10.2,49013,UT-Duchesne,9312.4,1760.0
17167,Sangamon,IL,9.8,17167,IL-Sangamon,11491.84,17352.0
17133,Monroe,IL,7.8,17133,IL-Monroe,13145.16,3331.0
48255,Karnes,TX,14.4,48255,TX-Karnes,13099.31,1317.0
47083,Houston,TN,11.7,47083,TN-Houston,16147.79,1158.0
15001,Hawaii,HI,9.6,15001,HI-Hawaii,7473.46,21146.0
37027,Caldwell,NC,10.3,37027,NC-Caldwell,12775.63,7143.0
08019,Clear Creek,CO,6.8,08019,CO-Clear Creek,10312.69,664.0
28035,Forrest,MS,13.5,28035,MS-Forrest,14586.49,7036.0
20075,Hamilton,KS,10.6,20075,KS-Hamilton,24463.43,354.0
38091,Steele,ND,9.0,38091,ND-Steele,10267.57,323.0
12105,Polk,FL,11.8,12105,FL-Polk,13806.03,51445.0
51117,Mecklenburg,VA,13.6,51117,VA-Mecklenburg,11046.56,5303.0
47147,Robertson,TN,11.1,47147,TN-Robertson,11679.16,5405.0
31057,Dundy,NE,9.9,31057,NE-Dundy,15806.84,431.0
26089,Leelanau,MI,7.9,26089,MI-Leelanau,9471.65,3118.0
39159,Union,OH,9.3,39159,OH-Union,10983.21,4363.0
41049,Morrow,OR,12.7,41049,OR-Morrow,10128.37,1937.0
22039,Evangeline,LA,15.0,22039,LA-Evangeline,15986.82,3996.0
17103,Lee,IL,10.2,17103,IL-Lee,10906.76,4724.0
06045,Mendocino,CA,10.4,06045,CA-Mendocino,10045.04,18838.0
13199,Meriwether,GA,14.0,13199,GA-Meriwether,10971.96,1672.0
47039,Decatur,TN,13.5,47039,TN-Decatur,13736.05,1727.0
05001,Arkansas,AR,12.1,05001,AR-Arkansas,11866.94,2518.0
19043,Clayton,IA,10.1,19043,IA-Clayton,10249.58,3060.0
29049,Clinton,MO,9.6,29049,MO-Clinton,12384.78,2615.0
18101,Martin,IN,11.5,18101,IN-Martin,11142.91,1631.0
51620,Franklin,VA,15.1,51620,VA-Franklin City,11114.16,1208.0
48209,Hays,TX,10.8,48209,TX-Hays,12502.12,17334.0
37197,Yadkin,NC,10.4,37197,NC-Yadkin,12140.94,2364.0
55001,Adams,WI,11.2,55001,WI-Adams,9447.08,3810.0
17041,Douglas,IL,9.8,17041,IL-Douglas,11982.33,2020.0
13259,Stewart,GA,18.4,13259,GA-Stewart,10692.76,281.0
48321,Matagorda,TX,13.9,48321,TX-Matagorda,15480.76,3172.0
40139,Texas,OK,13.2,40139,OK-Texas,11713.79,1950.0
20099,Labette,KS,10.7,20099,KS-Labette,10305.0,3037.0
27049,Goodhue,MN,8.5,27049,MN-Goodhue,10230.24,3160.0
12043,Glades,FL,14.4,12043,FL-Glades,14748.78,1156.0
05023,Cleburne,AR,10.7,05023,AR-Cleburne,11641.22,5029.0
28139,Tippah,MS,13.1,28139,MS-Tippah,14404.25,3537.0
45031,Darlington,SC,14.5,45031,SC-Darlington,11612.54,7671.0
22061,Lincoln,LA,15.1,22061,LA-Lincoln,15022.85,3931.0
51051,Dickenson,VA,12.6,51051,VA-Dickenson,11210.78,1271.0
48079,Cochran,TX,17.1,48079,TX-Cochran,10955.33,219.0
48145,Falls,TX,13.8,48145,TX-Falls,12586.3,1276.0
37133,Onslow,NC,10.7,37133,NC-Onslow,9833.02,17981.0
12069,Lake,FL,10.9,12069,FL-Lake,13633.6,49828.0
18111,Newton,IN,11.4,18111,IN-Newton,11571.23,1900.0
48115,Dawson,TX,15.3,48115,TX-Dawson,14962.23,1171.0
16001,Ada,ID,8.0,16001,ID-Ada,9837.9,34555.0
51165,Rockingham,VA,10.1,51165,VA-Rockingham,10128.17,12707.0
20157,Republic,KS,10.3,20157,KS-Republic,13972.09,1228.0
13141,Hancock,GA,18.3,13141,GA-Hancock,11979.2,701.0
23005,Cumberland,ME,7.4,23005,ME-Cumberland,10506.75,24542.0
19065,Fayette,IA,10.1,19065,IA-Fayette,11536.7,3458.0
19091,Humboldt,IA,10.2,19091,IA-Humboldt,10978.69,1829.0
29133,Mississippi,MO,14.1,29133,MO-Mississippi,11093.11,1693.0
06015,Del Norte,CA,10.2,06015,CA-Del Norte,8450.92,5971.0
05067,Jackson,AR,13.7,05067,AR-Jackson,13229.79,1993.0
51735,Poquoson,VA,8.8,51735,VA-Poquoson City,11393.12,1932.0
47167,Tipton,TN,12.3,47167,TN-Tipton,12358.48,6598.0
48085,Collin,TX,9.1,48085,TX-Collin,13496.35,68712.0
36031,Essex,NY,8.5,36031,NY-Essex,9812.49,5853.0
29125,Maries,MO,10.3,29125,MO-Maries,11443.98,947.0
18155,Switzerland,IN,11.7,18155,IN-Switzerland,10434.85,1036.0
31185,York,NE,9.3,31185,NE-York,11490.75,2459.0
35003,Catron,NM,10.6,35003,NM-Catron,7368.49,889.0
01097,Mobile,AL,14.1,01097,AL-Mobile,14043.07,22091.0
13277,Tift,GA,14.3,13277,GA-Tift,12646.92,2983.0
18027,Daviess,IN,12.0,18027,IN-Daviess,11340.26,3882.0
16009,Benewah,ID,10.0,16009,ID-Benewah,8616.08,2413.0
33009,Grafton,NH,7.5,33009,NH-Grafton,9130.43,14468.0
16055,Kootenai,ID,8.0,16055,ID-Kootenai,10033.88,22305.0
19129,Mills,IA,8.8,19129,IA-Mills,12074.14,2168.0
48383,Reagan,TX,13.7,48383,TX-Reagan,15152.9,242.0
17187,Warren,IL,10.3,17187,IL-Warren,9958.15,2339.0
29063,DeKalb,MO,10.1,29063,MO-DeKalb,11415.26,1384.0
01127,Walker,AL,12.2,01127,AL-Walker,13705.63,5238.0
51087,Henrico,VA,10.8,51087,VA-Henrico,11499.06,32916.0
29229,Wright,MO,12.5,29229,MO-Wright,9295.68,1703.0
17087,Johnson,IL,11.3,17087,IL-Johnson,11177.97,1737.0
37139,Pasquotank,NC,11.3,37139,NC-Pasquotank,12189.31,5148.0
46069,Hyde,SD,10.2,46069,SD-Hyde,10964.42,241.0
08099,Prowers,CO,10.8,08099,CO-Prowers,11128.36,2151.0
01037,Coosa,AL,13.5,01037,AL-Coosa,12300.83,1011.0
55127,Walworth,WI,9.2,55127,WI-Walworth,10554.69,11854.0
19163,Scott,IA,9.4,19163,IA-Scott,11323.3,17330.0
48273,Kleberg,TX,15.4,48273,TX-Kleberg,12578.17,1546.0
18013,Brown,IN,10.3,18013,IN-Brown,10641.79,2050.0
08073,Lincoln,CO,9.4,08073,CO-Lincoln,12331.54,726.0
53047,Okanogan,WA,10.4,53047,WA-Okanogan,9030.47,8280.0
30023,Deer Lodge,MT,9.5,30023,MT-Deer Lodge,9596.12,2110.0
46025,Clark,SD,9.9,46025,SD-Clark,7868.02,374.0
22083,Richland,LA,15.0,22083,LA-Richland,16859.92,2137.0
25013,Hampden,MA,10.5,25013,MA-Hampden,11349.45,51494.0
05077,Lee,AR,17.1,05077,AR-Lee,10636.85,779.0
39031,Coshocton,OH,12.2,39031,OH-Coshocton,11032.15,4029.0
31175,Valley,NE,9.5,31175,NE-Valley,12603.8,767.0
27169,Winona,MN,9.1,27169,MN-Winona,9570.37,4826.0
18017,Cass,IN,12.7,18017,IN-Cass,11838.14,4176.0
55069,Lincoln,WI,9.5,55069,WI-Lincoln,10365.49,3077.0
40119,Payne,OK,11.7,40119,OK-Payne,12614.89,9357.0
19193,Woodbury,IA,11.0,19193,IA-Woodbury,11228.14,9740.0
13053,Chattahoochee,GA,14.2,13053,GA-Chattahoochee,9623.26,254.0
20163,Rooks,KS,9.2,20163,KS-Rooks,12349.79,1146.0
02282,Yakutat,AK,10.6,02282,AK-Yakutat,6204.57,96.0
29163,Pike,MO,11.3,29163,MO-Pike,12054.86,2252.0
40021,Cherokee,OK,13.1,40021,OK-Cherokee,13856.32,5656.0
38041,Hettinger,ND,8.9,38041,ND-Hettinger,8723.23,432.0
30011,Carter,MT,8.5,30011,MT-Carter,15744.22,317.0
48127,Dimmit,TX,21.5,48127,TX-Dimmit,14722.17,580.0
12011,Broward,FL,11.4,12011,FL-Broward,14971.76,98291.0
30095,Stillwater,MT,7.7,30095,MT-Stillwater,9082.44,1657.0
48417,Shackelford,TX,9.5,48417,TX-Shackelford,14545.28,482.0
37099,Jackson,NC,10.9,37099,NC-Jackson,11569.43,4760.0
20129,Morton,KS,11.1,20129,KS-Morton,12572.72,465.0
26039,Crawford,MI,10.4,26039,MI-Crawford,9608.62,1690.0
56019,Johnson,WY,9.3,56019,WY-Johnson,8157.5,2005.0
18081,Johnson,IN,10.7,18081,IN-Johnson,11164.39,14390.0
48309,McLennan,TX,12.2,48309,TX-McLennan,12893.87,18803.0
47177,Warren,TN,13.1,47177,TN-Warren,12793.55,4808.0
27105,Nobles,MN,11.7,27105,MN-Nobles,11196.1,2322.0
40085,Love,OK,12.2,40085,OK-Love,14650.15,1559.0
48331,Milam,TX,11.9,48331,TX-Milam,13667.7,2293.0
34009,Cape May,NJ,8.0,34009,NJ-Cape May,11888.57,18920.0
51001,Accomack,VA,13.4,51001,VA-Accomack,9943.68,5737.0
32009,Esmeralda,NV,12.1,32009,NV-Esmeralda,8670.95,211.0
46089,McPherson,SD,10.1,46089,SD-McPherson,10272.66,537.0
26069,Iosco,MI,10.7,26069,MI-Iosco,11551.42,3857.0
55021,Columbia,WI,9.0,55021,WI-Columbia,8737.13,7214.0
46047,Fall River,SD,10.9,46047,SD-Fall River,9528.66,1734.0
48393,Roberts,TX,8.9,48393,TX-Roberts,9674.81,125.0
48263,Kent,TX,9.3,48263,TX-Kent,12307.69,109.0
29093,Iron,MO,11.5,29093,MO-Iron,10979.54,1569.0
13043,Candler,GA,13.9,13043,GA-Candler,14247.73,785.0
25023,Plymouth,MA,8.2,25023,MA-Plymouth,11975.73,75035.0
51061,Fauquier,VA,9.5,51061,VA-Fauquier,10735.69,9028.0
28163,Yazoo,MS,17.9,28163,MS-Yazoo,14358.52,2550.0
40055,Greer,OK,11.6,40055,OK-Greer,22580.43,895.0
08035,Douglas,CO,6.0,08035,CO-Douglas,11986.09,22930.0
09120,Greater Bridgeport,CT,9.2,09120,CT-Greater Bridgeport,12940.59,13640.0
51141,Patrick,VA,11.4,51141,VA-Patrick,10285.72,2938.0
51127,New Kent,VA,9.9,51127,VA-New Kent,11436.36,3611.0
51021,Bland,VA,10.5,51021,VA-Bland,11768.65,1003.0
20207,Woodson,KS,9.8,20207,KS-Woodson,10878.85,603.0
31111,Lincoln,NE,10.2,31111,NE-Lincoln,12297.25,5466.0
54053,Mason,WV,13.2,54053,WV-Mason,11389.72,2691.0
55065,Lafayette,WI,9.8,55065,WI-Lafayette,9647.93,1910.0
48447,Throckmorton,TX,11.0,48447,TX-Throckmorton,16215.01,269.0
01101,Montgomery,AL,14.8,01101,AL-Montgomery,11213.03,13898.0
29029,Camden,MO,9.9,29029,MO-Camden,9831.65,7178.0
48089,Colorado,TX,11.6,48089,TX-Colorado,13436.58,3261.0
02013,Aleutians East,AK,12.9,02013,AK-Aleutians East,7913.45,122.0
06025,Imperial,CA,14.6,06025,CA-Imperial,14150.14,17828.0
17153,Pulaski,IL,14.5,17153,IL-Pulaski,9773.79,857.0
39095,Lucas,OH,12.2,39095,OH-Lucas,12045.26,33047.0
34029,Ocean,NJ,8.8,34029,NJ-Ocean,13816.79,91743.0
37191,Wayne,NC,12.5,37191,NC-Wayne,11572.95,11127.0
31121,Merrick,NE,9.2,31121,NE-Merrick,12553.41,1261.0
41029,Jackson,OR,10.0,41029,OR-Jackson,9278.94,28757.0
47049,Fentress,TN,12.8,47049,TN-Fentress,12221.71,3166.0
12097,Osceola,FL,12.7,12097,FL-Osceola,13851.44,16555.0
28059,Jackson,MS,12.8,28059,MS-Jackson,11399.35,14672.0
40065,Jackson,OK,12.2,40065,OK-Jackson,12130.43,3291.0
35029,Luna,NM,15.0,35029,NM-Luna,9794.63,2380.0
26135,Oscoda,MI,11.2,26135,MI-Oscoda,10121.93,1275.0
28099,Neshoba,MS,14.5,28099,MS-Neshoba,14932.44,3665.0
30075,Powder River,MT,8.0,30075,MT-Powder River,6711.91,382.0
55131,Washington,WI,8.1,55131,WI-Washington,11472.4,11098.0
48329,Midland,TX,11.4,48329,TX-Midland,11968.36,10388.0
05131,Sebastian,AR,11.5,05131,AR-Sebastian,12271.68,12679.0
55031,Douglas,WI,9.4,55031,WI-Douglas,10069.43,3621.0
51550,Chesapeake,VA,11.6,51550,VA-Chesapeake City,11115.98,24722.0
19001,Adair,IA,9.9,19001,IA-Adair,12861.56,1325.0
05141,Van Buren,AR,11.5,05141,AR-Van Buren,11370.58,2761.0
12019,Clay,FL,10.3,12019,FL-Clay,13372.99,25961.0
23019,Penobscot,ME,9.5,23019,ME-Penobscot,9725.19,15425.0
48353,Nolan,TX,14.0,48353,TX-Nolan,12639.53,1561.0
41019,Douglas,OR,10.5,41019,OR-Douglas,8215.28,16648.0
23015,Lincoln,ME,8.1,23015,ME-Lincoln,9461.41,4507.0
13107,Emanuel,GA,14.7,13107,GA-Emanuel,12453.49,1604.0
01033,Colbert,AL,12.1,01033,AL-Colbert,12736.37,5979.0
16065,Madison,ID,10.7,16065,ID-Madison,10354.35,1981.0
18037,Dubois,IN,10.7,18037,IN-Dubois,10865.37,6965.0
13231,Pike,GA,10.2,13231,GA-Pike,9918.2,1601.0
36079,Putnam,NY,7.7,36079,NY-Putnam,11520.28,11700.0
19099,Jasper,IA,9.7,19099,IA-Jasper,9753.99,4922.0
34019,Hunterdon,NJ,7.0,34019,NJ-Hunterdon,11307.88,16398.0
54067,Nicholas,WV,12.6,54067,WV-Nicholas,10199.33,2727.0
46137,Ziebach,SD,18.1,46137,SD-Ziebach,12679.2,124.0
26059,Hillsdale,MI,10.6,26059,MI-Hillsdale,10458.23,4324.0
26005,Allegan,MI,9.4,26005,MI-Allegan,10960.18,6262.0
13151,Henry,GA,12.4,13151,GA-Henry,11698.88,12466.0
45039,Fairfield,SC,15.4,45039,SC-Fairfield,12041.78,2598.0
05031,Craighead,AR,11.2,05031,AR-Craighead,13205.74,10917.0
37177,Tyrrell,NC,13.3,37177,NC-Tyrrell,11138.64,477.0
39167,Washington,OH,10.8,39167,OH-Washington,11745.45,8740.0
27003,Anoka,MN,9.3,27003,MN-Anoka,11887.0,18025.0
36001,Albany,NY,8.4,36001,NY-Albany,11021.9,23366.0
32031,Washoe,NV,8.8,32031,NV-Washoe,9955.52,44901.0
56015,Goshen,WY,9.7,56015,WY-Goshen,9820.36,2607.0
12035,Flagler,FL,9.3,12035,FL-Flagler,12790.24,19279.0
37019,Brunswick,NC,8.9,37019,NC-Brunswick,9924.92,34420.0
13165,Jenkins,GA,16.3,13165,GA-Jenkins,13062.22,546.0
16047,Gooding,ID,11.0,16047,ID-Gooding,10689.58,1650.0
31005,Arthur,NE,9.3,31005,NE-Arthur,6330.61,89.0
45009,Bamberg,SC,15.6,45009,SC-Bamberg,11896.91,1374.0
29107,Lafayette,MO,9.5,29107,MO-Lafayette,12695.66,3534.0
48355,Nueces,TX,14.5,48355,TX-Nueces,13112.65,19184.0
47113,Madison,TN,14.1,47113,TN-Madison,11137.61,11311.0
20123,Mitchell,KS,9.8,20123,KS-Mitchell,15248.19,1416.0
48041,Brazos,TX,12.5,48041,TX-Brazos,12281.07,14861.0
48149,Fayette,TX,10.1,48149,TX-Fayette,12986.13,4663.0
51173,Smyth,VA,11.8,51173,VA-Smyth,11849.11,4130.0
19035,Cherokee,IA,10.2,19035,IA-Cherokee,10925.27,2380.0
31047,Dawson,NE,11.9,31047,NE-Dawson,13003.47,3258.0
38105,Williams,ND,9.4,38105,ND-Williams,9543.76,2957.0
12077,Liberty,FL,13.0,12077,FL-Liberty,13507.44,457.0
22031,De Soto,LA,14.6,22031,LA-DeSoto,14761.12,3116.0
29187,St. Francois,MO,11.4,29187,MO-St. Francois,11635.95,6780.0
26105,Mason,MI,10.1,26105,MI-Mason,10803.74,3069.0
31165,Sioux,NE,11.2,31165,NE-Sioux,10132.49,239.0
24510,Baltimore,MD,13.7,24510,MD-Baltimore City,14156.17,55528.0
54097,Upshur,WV,13.3,54097,WV-Upshur,11432.19,2403.0
55093,Pierce,WI,8.9,55093,WI-Pierce,10600.3,3613.0
27041,Douglas,MN,8.5,27041,MN-Douglas,10736.44,4889.0
17093,Kendall,IL,9.1,17093,IL-Kendall,12386.63,9499.0
47077,Henderson,TN,12.6,47077,TN-Henderson,15822.13,2960.0
25003,Berkshire,MA,8.2,25003,MA-Berkshire,10915.53,28063.0
45073,Oconee,SC,11.4,45073,SC-Oconee,10864.28,12331.0
13315,Wilcox,GA,15.2,13315,GA-Wilcox,14141.33,633.0
20035,Cowley,KS,10.9,20035,KS-Cowley,10444.51,4987.0
01063,Greene,AL,21.1,01063,AL-Greene,12813.88,640.0
48303,Lubbock,TX,12.0,48303,TX-Lubbock,13539.12,21513.0
39023,Clark,OH,12.2,39023,OH-Clark,12087.77,10992.0
28003,Alcorn,MS,12.4,28003,MS-Alcorn,13406.89,6805.0
27085,McLeod,MN,9.2,27085,MN-McLeod,12232.53,1982.0
37085,Harnett,NC,11.1,37085,NC-Harnett,10898.51,9666.0
51790,Staunton,VA,10.7,51790,VA-Staunton City,10984.84,4309.0
46097,Miner,SD,9.7,46097,SD-Miner,10603.21,412.0
47141,Putnam,TN,11.7,47141,TN-Putnam,11966.49,9354.0
18091,LaPorte,IN,12.5,18091,IN-LaPorte,12123.23,13479.0
29117,Livingston,MO,10.5,29117,MO-Livingston,13482.59,2399.0
33001,Belknap,NH,7.7,33001,NH-Belknap,9807.15,11383.0
55117,Sheboygan,WI,9.3,55117,WI-Sheboygan,10062.44,10260.0
12031,Duval,FL,11.8,12031,FL-Duval,14199.49,76637.0
37013,Beaufort,NC,11.4,37013,NC-Beaufort,10561.44,6748.0
36039,Greene,NY,8.9,36039,NY-Greene,10087.13,5526.0
26049,Genesee,MI,11.0,26049,MI-Genesee,12981.38,29021.0
51035,Carroll,VA,11.5,51035,VA-Carroll,10455.38,5321.0
48067,Cass,TX,12.0,48067,TX-Cass,12864.57,4020.0
39137,Putnam,OH,9.8,39137,OH-Putnam,11412.46,4723.0
18009,Blackford,IN,12.7,18009,IN-Blackford,13161.18,1533.0
22053,Jefferson Davis,LA,12.6,22053,LA-Jefferson Davis,14882.92,4158.0
56009,Converse,WY,9.3,56009,WY-Converse,11130.36,2585.0
46127,Union,SD,8.6,46127,SD-Union,11193.96,2208.0
53077,Yakima,WA,12.1,53077,WA-Yakima,8919.76,23460.0
29103,Knox,MO,11.6,29103,MO-Knox,12463.64,696.0
37179,Union,NC,9.3,37179,NC-Union,10912.88,16928.0
17119,Madison,IL,9.5,17119,IL-Madison,12004.93,24227.0
35009,Curry,NM,12.4,35009,NM-Curry,11439.17,4763.0
31093,Howard,NE,8.7,31093,NE-Howard,12234.94,1023.0
46033,Custer,SD,8.9,46033,SD-Custer,10754.14,2087.0
17033,Crawford,IL,9.9,17033,IL-Crawford,12833.16,3401.0
48037,Bowie,TX,12.1,48037,TX-Bowie,13460.94,10438.0
47163,Sullivan,TN,11.9,47163,TN-Sullivan,11628.09,12530.0
25005,Bristol,MA,9.1,25005,MA-Bristol,12168.71,72504.0
05085,Lonoke,AR,10.1,05085,AR-Lonoke,12660.56,7813.0
26103,Marquette,MI,9.4,26103,MI-Marquette,9382.76,6208.0
53043,Lincoln,WA,8.3,53043,WA-Lincoln,9845.23,2767.0
27075,Lake,MN,8.7,27075,MN-Lake,9651.22,1060.0
45079,Richland,SC,13.0,45079,SC-Richland,11394.34,38767.0
17007,Boone,IL,10.4,17007,IL-Boone,11584.25,4768.0
37127,Nash,NC,12.3,37127,NC-Nash,11313.36,9897.0
51045,Craig,VA,10.2,51045,VA-Craig,10865.66,747.0
40025,Cimarron,OK,10.1,40025,OK-Cimarron,16755.32,436.0
29001,Adair,MO,10.9,29001,MO-Adair,11104.53,3400.0
37161,Rutherford,NC,11.1,37161,NC-Rutherford,10950.46,7417.0
45005,Allendale,SC,17.9,45005,SC-Allendale,13052.34,742.0
48375,Potter,TX,14.4,48375,TX-Potter,13059.22,8790.0
29043,Christian,MO,9.1,29043,MO-Christian,11154.27,6914.0
48109,Culberson,TX,16.2,48109,TX-Culberson,14989.61,301.0
19147,Palo Alto,IA,9.4,19147,IA-Palo Alto,11194.32,1946.0
32001,Churchill,NV,9.8,32001,NV-Churchill,9745.55,3657.0
01023,Choctaw,AL,15.0,01023,AL-Choctaw,14347.3,1647.0
28049,Hinds,MS,15.3,28049,MS-Hinds,13263.07,18558.0
29039,Cedar,MO,11.7,29039,MO-Cedar,11987.46,1666.0
18057,Hamilton,IN,8.6,18057,IN-Hamilton,11797.95,28412.0
02063,Chugach,AK,8.0,02063,AK-Chugach,12756.78,176.0
29203,Shannon,MO,11.2,29203,MO-Shannon,10108.39,863.0
05127,Scott,AR,11.7,05127,AR-Scott,12977.13,1204.0
20177,Shawnee,KS,10.3,20177,KS-Shawnee,12022.9,25745.0
22051,Jefferson,LA,13.6,22051,LA-Jefferson,12211.53,20762.0
12129,Wakulla,FL,10.8,12129,FL-Wakulla,11876.13,2027.0
31029,Chase,NE,9.7,31029,NE-Chase,13082.73,830.0
35001,Bernalillo,NM,10.2,35001,NM-Bernalillo,9634.05,42969.0
54063,Monroe,WV,13.1,54063,WV-Monroe,9090.35,1986.0
55137,Waushara,WI,10.2,55137,WI-Waushara,9034.85,2206.0
51081,Greensville,VA,15.6,51081,VA-Greensville,10390.43,988.0
51800,Suffolk,VA,12.1,51800,VA-Suffolk City,10903.5,10248.0
48397,Rockwall,TX,8.7,48397,TX-Rockwall,13164.04,9493.0
48409,San Patricio,TX,13.9,48409,TX-San Patricio,13070.62,3842.0
31123,Morrill,NE,10.4,31123,NE-Morrill,10459.7,984.0
38077,Richland,ND,9.0,38077,ND-Richland,9136.37,1999.0
51710,Norfolk,VA,13.6,51710,VA-Norfolk City,11181.06,15947.0
09160,Northwest Hills,CT,7.9,09160,CT-Northwest Hills,11768.99,11947.0
55047,Green Lake,WI,10.1,55047,WI-Green Lake,9820.05,1779.0
13117,Forsyth,GA,8.8,13117,GA-Forsyth,12599.11,16130.0
16037,Custer,ID,9.0,16037,ID-Custer,8141.99,1314.0
27113,Pennington,MN,9.3,27113,MN-Pennington,10331.98,1206.0
16085,Valley,ID,9.2,16085,ID-Valley,9360.69,1698.0
51149,Prince George,VA,12.3,51149,VA-Prince George,11246.93,4331.0
36103,Suffolk,NY,8.3,36103,NY-Suffolk,13816.63,197110.0
50001,Addison,VT,6.5,50001,VT-Addison,8959.49,5576.0
26079,Kalkaska,MI,10.3,26079,MI-Kalkaska,10300.14,1892.0
17031,Cook,IL,10.7,17031,IL-Cook,13396.8,390006.0
51057,Essex,VA,13.5,51057,VA-Essex,12189.76,1787.0
05063,Independence,AR,11.4,05063,AR-Independence,13315.82,5352.0
13221,Oglethorpe,GA,11.4,13221,GA-Oglethorpe,11433.3,1478.0
54029,Hancock,WV,12.5,54029,WV-Hancock,12857.97,4051.0
01087,Macon,AL,17.7,01087,AL-Macon,11147.0,1245.0
19171,Tama,IA,10.7,19171,IA-Tama,11055.52,2409.0
48119,Delta,TX,10.9,48119,TX-Delta,12732.67,745.0
19137,Montgomery,IA,9.9,19137,IA-Montgomery,12047.23,1936.0
26015,Barry,MI,8.9,26015,MI-Barry,10137.24,4312.0
20203,Wichita,KS,11.4,20203,KS-Wichita,16117.54,391.0
30035,Glacier,MT,14.5,30035,MT-Glacier,9261.8,1595.0
51091,Highland,VA,9.4,51091,VA-Highland,8278.27,651.0
51111,Lunenburg,VA,14.7,51111,VA-Lunenburg,10408.16,1754.0
37097,Iredell,NC,9.0,37097,NC-Iredell,11424.35,15089.0
47011,Bradley,TN,11.5,47011,TN-Bradley,11787.25,9621.0
19109,Kossuth,IA,9.7,19109,IA-Kossuth,10942.3,3211.0
48473,Waller,TX,12.2,48473,TX-Waller,13506.68,3529.0
28037,Franklin,MS,14.6,28037,MS-Franklin,15525.99,1267.0
48173,Glasscock,TX,9.9,48173,TX-Glasscock,12229.16,138.0
38043,Kidder,ND,9.1,38043,ND-Kidder,9653.46,305.0
51595,Emporia,VA,16.6,51595,VA-Emporia City,15015.93,541.0
08011,Bent,CO,13.1,08011,CO-Bent,9734.14,599.0
13155,Irwin,GA,13.5,13155,GA-Irwin,11326.31,712.0
06089,Shasta,CA,9.4,06089,CA-Shasta,9885.28,39186.0
36019,Clinton,NY,9.1,36019,NY-Clinton,10406.88,11164.0
56039,Teton,WY,7.3,56039,WY-Teton,8407.15,3508.0
47057,Grainger,TN,12.1,47057,TN-Grainger,10047.87,2095.0
48439,Tarrant,TX,11.4,48439,TX-Tarrant,13673.12,105112.0
17061,Greene,IL,10.2,17061,IL-Greene,11438.41,1831.0
48203,Harrison,TX,11.9,48203,TX-Harrison,12971.78,6302.0
37053,Currituck,NC,8.6,37053,NC-Currituck,10263.63,4179.0
27001,Aitkin,MN,9.7,27001,MN-Aitkin,9915.57,1630.0
30099,Teton,MT,8.3,30099,MT-Teton,11042.15,975.0
13125,Glascock,GA,11.8,13125,GA-Glascock,9309.96,260.0
45069,Marlboro,SC,17.4,45069,SC-Marlboro,12075.02,2506.0
47099,Lawrence,TN,12.4,47099,TN-Lawrence,12206.83,5792.0
39087,Lawrence,OH,12.2,39087,OH-Lawrence,12927.62,6985.0
28113,Pike,MS,16.3,28113,MS-Pike,15416.53,4361.0
39001,Adams,OH,12.7,39001,OH-Adams,12332.34,2894.0
55087,Outagamie,WI,8.9,55087,WI-Outagamie,10019.39,9209.0
04005,Coconino,AZ,9.8,04005,AZ-Coconino,9820.88,13316.0
50023,Washington,VT,7.1,50023,VT-Washington,8976.36,10456.0
55039,Fond du Lac,WI,9.3,55039,WI-Fond du Lac,10392.48,7057.0
23003,Aroostook,ME,10.7,23003,ME-Aroostook,9861.65,9639.0
37149,Polk,NC,9.4,37149,NC-Polk,10049.29,4000.0
12085,Martin,FL,9.4,12085,FL-Martin,13366.43,28433.0
16007,Bear Lake,ID,9.0,16007,ID-Bear Lake,10929.91,1368.0
20083,Hodgeman,KS,8.8,20083,KS-Hodgeman,16642.55,371.0
31059,Fillmore,NE,9.2,31059,NE-Fillmore,12882.8,1086.0
13305,Wayne,GA,14.1,13305,GA-Wayne,11719.42,2535.0
51135,Nottoway,VA,14.5,51135,VA-Nottoway,10802.71,2031.0
48345,Motley,TX,10.5,48345,TX-Motley,14750.43,220.0
29137,Monroe,MO,11.0,29137,MO-Monroe,10660.39,1426.0
02185,North Slope,AK,11.0,02185,AK-North Slope,19064.37,459.0
37115,Madison,NC,9.1,37115,NC-Madison,10585.95,2658.0
13189,McDuffie,GA,13.8,13189,GA-McDuffie,12714.53,1630.0
06033,Lake,CA,10.7,06033,CA-Lake,10409.75,13058.0
51101,King William,VA,10.3,51101,VA-King William,11408.46,2278.0
51015,Augusta,VA,10.3,51015,VA-Augusta,9963.14,12810.0
17149,Pike,IL,10.4,17149,IL-Pike,11810.04,2494.0
35037,Quay,NM,12.7,35037,NM-Quay,10050.24,1414.0
53013,Columbia,WA,8.7,53013,WA-Columbia,11648.74,1017.0
22085,Sabine,LA,14.3,22085,LA-Sabine,14269.27,3081.0
39067,Harrison,OH,11.8,39067,OH-Harrison,11797.28,1650.0
27011,Big Stone,MN,9.3,27011,MN-Big Stone,11686.7,812.0
36009,Cattaraugus,NY,9.6,36009,NY-Cattaraugus,9666.08,6186.0
37043,Clay,NC,9.3,37043,NC-Clay,9738.47,2508.0
20173,Sedgwick,KS,10.9,20173,KS-Sedgwick,12197.15,50595.0
36029,Erie,NY,9.1,36029,NY-Erie,10778.34,46616.0
17183,Vermilion,IL,11.7,17183,IL-Vermilion,11219.82,7069.0
20027,Clay,KS,9.7,20027,KS-Clay,12698.53,1803.0
13275,Thomas,GA,13.1,13275,GA-Thomas,11618.25,4156.0
40123,Pontotoc,OK,10.9,40123,OK-Pontotoc,14493.74,5252.0
16057,Latah,ID,8.4,16057,ID-Latah,9629.15,4633.0
45059,Laurens,SC,13.0,45059,SC-Laurens,11624.79,7522.0
13217,Newton,GA,13.3,13217,GA-Newton,12729.04,6134.0
30109,Wibaux,MT,8.6,30109,MT-Wibaux,10242.23,218.0
28019,Choctaw,MS,12.9,28019,MS-Choctaw,13715.73,1475.0
41011,Coos,OR,10.2,41011,OR-Coos,10089.42,14650.0
29065,Dent,MO,11.1,29065,MO-Dent,10984.76,2313.0
45015,Berkeley,SC,11.9,45015,SC-Berkeley,12162.15,23138.0
18121,Parke,IN,12.2,18121,IN-Parke,11790.03,1987.0
34011,Cumberland,NJ,12.1,34011,NJ-Cumberland,14492.73,12879.0
24045,Wicomico,MD,11.5,24045,MD-Wicomico,12394.51,15224.0
20003,Anderson,KS,10.2,20003,KS-Anderson,14677.26,1311.0
40153,Woodward,OK,10.7,40153,OK-Woodward,13215.76,2828.0
06063,Plumas,CA,9.0,06063,CA-Plumas,9736.16,5516.0
22023,Cameron,LA,10.6,22023,LA-Cameron,10820.74,656.0
54009,Brooke,WV,11.7,54009,WV-Brooke,13670.62,2768.0
28091,Marion,MS,14.4,28091,MS-Marion,15008.39,2874.0
47121,Meigs,TN,12.2,47121,TN-Meigs,11256.8,1528.0
04013,Maricopa,AZ,9.6,04013,AZ-Maricopa,12758.36,323177.0
40109,Oklahoma,OK,12.0,40109,OK-Oklahoma,13359.74,67438.0
23021,Piscataquis,ME,9.6,23021,ME-Piscataquis,9297.56,2372.0
39131,Pike,OH,13.2,39131,OH-Pike,12749.12,2695.0
27149,Stevens,MN,9.6,27149,MN-Stevens,10349.86,914.0
51540,Charlottesville,VA,11.5,51540,VA-Charlottesville City,10293.38,4113.0
45049,Hampton,SC,17.1,45049,SC-Hampton,12883.41,2029.0
29181,Ripley,MO,12.5,29181,MO-Ripley,9916.02,1962.0
26113,Missaukee,MI,10.2,26113,MI-Missaukee,9293.61,1541.0
12093,Okeechobee,FL,12.8,12093,FL-Okeechobee,14645.25,3662.0
55017,Chippewa,WI,9.4,55017,WI-Chippewa,10999.35,7761.0
19107,Keokuk,IA,10.4,19107,IA-Keokuk,11218.51,1593.0
41033,Josephine,OR,10.8,41033,OR-Josephine,9325.28,11327.0
48267,Kimble,TX,11.7,48267,TX-Kimble,12403.31,871.0
28101,Newton,MS,13.7,28101,MS-Newton,14931.14,2785.0
48237,Jack,TX,11.8,48237,TX-Jack,13679.02,1054.0
36073,Orleans,NY,9.3,36073,NY-Orleans,10783.64,2440.0
39053,Gallia,OH,12.3,39053,OH-Gallia,11954.34,3406.0
48503,Young,TX,10.8,48503,TX-Young,15263.87,3110.0
31157,Scotts Bluff,NE,10.5,31157,NE-Scotts Bluff,10620.82,5754.0
49029,Morgan,UT,7.5,49029,UT-Morgan,11123.34,814.0
35019,Guadalupe,NM,14.3,35019,NM-Guadalupe,9960.87,435.0
18145,Shelby,IN,11.3,18145,IN-Shelby,12691.41,4137.0
51181,Surry,VA,12.4,51181,VA-Surry,10242.92,980.0
54093,Tucker,WV,11.9,54093,WV-Tucker,10965.29,1006.0
38013,Burke,ND,8.2,38013,ND-Burke,11996.7,444.0
26087,Lapeer,MI,9.3,26087,MI-Lapeer,11432.26,7517.0
48133,Eastland,TX,11.4,48133,TX-Eastland,13443.01,2556.0
29213,Taney,MO,10.6,29213,MO-Taney,10602.94,5869.0
30093,Silver Bow,MT,8.7,30093,MT-Silver Bow,9417.01,5682.0
47027,Clay,TN,13.0,47027,TN-Clay,11774.41,1206.0
27021,Cass,MN,10.0,27021,MN-Cass,10528.63,3836.0
16071,Oneida,ID,8.4,16071,ID-Oneida,11669.51,956.0
26041,Delta,MI,10.0,26041,MI-Delta,9173.2,4947.0
18001,Adams,IN,12.1,18001,IN-Adams,11635.54,3443.0
48367,Parker,TX,9.2,48367,TX-Parker,12988.58,15219.0
20143,Ottawa,KS,9.4,20143,KS-Ottawa,13159.4,1180.0
19045,Clinton,IA,10.0,19045,IA-Clinton,10147.34,6280.0
53069,Wahkiakum,WA,9.7,53069,WA-Wahkiakum,8977.57,917.0
27139,Scott,MN,8.5,27139,MN-Scott,11620.77,6826.0
48139,Ellis,TX,10.9,48139,TX-Ellis,13925.42,13839.0
31131,Otoe,NE,9.4,31131,NE-Otoe,13516.2,2406.0
46053,Gregory,SD,10.2,46053,SD-Gregory,11711.28,875.0
20147,Phillips,KS,9.9,20147,KS-Phillips,13973.88,1255.0
13261,Sumter,GA,15.1,13261,GA-Sumter,10365.69,2013.0
40069,Johnston,OK,13.2,40069,OK-Johnston,15406.45,1531.0
40083,Logan,OK,10.3,40083,OK-Logan,12549.55,5136.0
10003,New Castle,DE,10.7,10003,DE-New Castle,12234.64,66289.0
28147,Walthall,MS,14.4,28147,MS-Walthall,15893.67,1829.0
27051,Grant,MN,9.6,27051,MN-Grant,11883.45,754.0
20013,Brown,KS,10.3,20013,KS-Brown,12051.04,1914.0
39107,Mercer,OH,9.7,39107,OH-Mercer,10272.59,6020.0
18099,Marshall,IN,11.5,18099,IN-Marshall,10111.25,4001.0
31037,Colfax,NE,11.9,31037,NE-Colfax,11449.5,1196.0
51071,Giles,VA,10.6,51071,VA-Giles,11111.05,2529.0
30079,Prairie,MT,10.2,30079,MT-Prairie,9997.07,386.0
51067,Franklin,VA,11.0,51067,VA-Franklin,9456.04,8510.0
01081,Lee,AL,12.7,01081,AL-Lee,11046.75,10966.0
37023,Burke,NC,10.9,37023,NC-Burke,10908.19,8229.0
40005,Atoka,OK,12.7,40005,OK-Atoka,14714.61,2085.0
46087,McCook,SD,8.8,46087,SD-McCook,11405.7,747.0
48059,Callahan,TX,10.2,48059,TX-Callahan,12773.44,1853.0
08117,Summit,CO,7.2,08117,CO-Summit,8380.86,2788.0
48015,Austin,TX,11.8,48015,TX-Austin,11910.93,3862.0
01053,Escambia,AL,15.6,01053,AL-Escambia,14471.74,3200.0
29047,Clay,MO,9.7,29047,MO-Clay,12389.73,20888.0
28157,Wilkinson,MS,17.6,28157,MS-Wilkinson,15377.72,937.0
20113,McPherson,KS,8.8,20113,KS-McPherson,12186.82,5360.0
08025,Crowley,CO,11.3,08025,CO-Crowley,9258.75,368.0
05093,Mississippi,AR,13.4,05093,AR-Mississippi,12417.3,3458.0
17111,McHenry,IL,8.8,17111,IL-McHenry,13108.59,34953.0
12061,Indian River,FL,9.5,12061,FL-Indian River,12848.88,33135.0
53035,Kitsap,WA,8.3,53035,WA-Kitsap,9177.31,33862.0
51005,Alleghany,VA,11.0,51005,VA-Alleghany,10248.57,2778.0
13003,Atkinson,GA,16.5,13003,GA-Atkinson,10644.3,445.0
50009,Essex,VT,8.6,50009,VT-Essex,8313.91,1255.0
30059,Meagher,MT,8.3,30059,MT-Meagher,14263.33,479.0
05149,Yell,AR,12.2,05149,AR-Yell,12226.47,2533.0
55111,Sauk,WI,9.8,55111,WI-Sauk,8669.92,8337.0
38025,Dunn,ND,9.4,38025,ND-Dunn,10060.76,565.0
31179,Wayne,NE,10.0,31179,NE-Wayne,12244.47,1059.0
01111,Randolph,AL,12.7,01111,AL-Randolph,12513.95,2552.0
38069,Pierce,ND,9.0,38069,ND-Pierce,9948.91,757.0
05005,Baxter,AR,10.3,05005,AR-Baxter,10806.52,8394.0
17071,Henderson,IL,9.8,17071,IL-Henderson,10452.98,1101.0
36049,Lewis,NY,9.2,36049,NY-Lewis,10293.61,3083.0
13025,Brantley,GA,11.9,13025,GA-Brantley,11226.19,1653.0
48167,Galveston,TX,10.8,48167,TX-Galveston,14223.48,23572.0
05119,Pulaski,AR,11.5,05119,AR-Pulaski,11964.84,40002.0
47003,Bedford,TN,12.3,47003,TN-Bedford,11375.73,4288.0
05055,Greene,AR,11.0,05055,AR-Greene,12264.36,5350.0
54021,Gilmer,WV,14.5,54021,WV-Gilmer,11460.84,590.0
26023,Branch,MI,10.9,26023,MI-Branch,10626.44,4193.0
48481,Wharton,TX,12.9,48481,TX-Wharton,16104.81,4379.0
35047,San Miguel,NM,13.3,35047,NM-San Miguel,8945.12,2974.0
29077,Greene,MO,10.2,29077,MO-Greene,11453.21,22280.0
39171,Williams,OH,11.6,39171,OH-Williams,10339.22,4812.0
18065,Henry,IN,11.2,18065,IN-Henry,12580.9,5123.0
13061,Clay,GA,16.1,13061,GA-Clay,14176.36,294.0
56033,Sheridan,WY,8.4,56033,WY-Sheridan,7494.69,7172.0
18175,Washington,IN,11.9,18175,IN-Washington,12240.37,3044.0
18165,Vermillion,IN,11.5,18165,IN-Vermillion,12533.32,2110.0
48003,Andrews,TX,12.9,48003,TX-Andrews,12005.7,1029.0
46105,Perkins,SD,10.0,46105,SD-Perkins,8781.6,597.0
01047,Dallas,AL,18.1,01047,AL-Dallas,12574.24,2476.0
29147,Nodaway,MO,10.4,29147,MO-Nodaway,13230.88,3322.0
51680,Lynchburg,VA,12.5,51680,VA-Lynchburg City,11125.43,8111.0
40039,Custer,OK,11.8,40039,OK-Custer,13540.91,3427.0
46063,Harding,SD,8.5,46063,SD-Harding,7124.46,221.0
55075,Marinette,WI,9.9,55075,WI-Marinette,9553.51,4545.0
47035,Cumberland,TN,11.7,47035,TN-Cumberland,10420.32,11645.0
51750,Radford,VA,13.7,51750,VA-Radford City,12127.88,1260.0
38035,Grand Forks,ND,9.8,38035,ND-Grand Forks,11810.88,7447.0
01017,Chambers,AL,14.5,01017,AL-Chambers,11894.34,2954.0
36063,Niagara,NY,8.9,36063,NY-Niagara,10365.5,11973.0
02070,Dillingham,AK,12.5,02070,AK-Dillingham,14747.37,424.0
53005,Benton,WA,9.4,53005,WA-Benton,10197.82,26878.0
29013,Bates,MO,11.1,29013,MO-Bates,13934.57,1740.0
31067,Gage,NE,9.7,31067,NE-Gage,11310.83,3472.0
39073,Hocking,OH,12.3,39073,OH-Hocking,11131.02,3093.0
46043,Douglas,SD,10.1,46043,SD-Douglas,9955.68,562.0
47091,Johnson,TN,13.4,47091,TN-Johnson,11469.13,1894.0
49017,Garfield,UT,8.9,49017,UT-Garfield,9833.46,903.0
16031,Cassia,ID,10.2,16031,ID-Cassia,9930.27,2462.0
49037,San Juan,UT,13.7,49037,UT-San Juan,10761.34,1975.0
08089,Otero,CO,11.7,08089,CO-Otero,11273.82,1908.0
05015,Carroll,AR,11.4,05015,AR-Carroll,10081.45,3442.0
01117,Shelby,AL,9.6,01117,AL-Shelby,13341.48,13891.0
20049,Elk,KS,11.0,20049,KS-Elk,12798.95,539.0
12113,Santa Rosa,FL,9.3,12113,FL-Santa Rosa,12769.3,20667.0
06097,Sonoma,CA,8.6,06097,CA-Sonoma,10581.93,45025.0
08003,Alamosa,CO,11.2,08003,CO-Alamosa,9292.84,1532.0
51193,Westmoreland,VA,13.2,51193,VA-Westmoreland,10838.2,3351.0
46073,Jerauld,SD,9.4,46073,SD-Jerauld,11697.11,439.0
38099,Walsh,ND,9.4,38099,ND-Walsh,12097.96,1884.0
13091,Dodge,GA,13.9,13091,GA-Dodge,11866.19,1810.0
13247,Rockdale,GA,14.7,13247,GA-Rockdale,12027.73,5019.0
48247,Jim Hogg,TX,20.2,48247,TX-Jim Hogg,18045.82,324.0
34003,Bergen,NJ,8.0,34003,NJ-Bergen,12811.67,97893.0
06041,Marin,CA,7.5,06041,CA-Marin,10313.07,28518.0
17141,Ogle,IL,9.7,17141,IL-Ogle,10826.03,5963.0
26123,Newaygo,MI,10.3,26123,MI-Newaygo,10377.06,2966.0
47065,Hamilton,TN,11.0,47065,TN-Hamilton,12362.64,32140.0
28075,Lauderdale,MS,14.1,28075,MS-Lauderdale,14983.5,9091.0
20079,Harvey,KS,10.0,20079,KS-Harvey,11709.85,5084.0
45025,Chesterfield,SC,14.8,45025,SC-Chesterfield,11834.45,4905.0
26151,Sanilac,MI,10.3,26151,MI-Sanilac,12153.89,4874.0
40131,Rogers,OK,10.6,40131,OK-Rogers,13511.09,9487.0
48103,Crane,TX,14.5,48103,TX-Crane,15521.77,321.0
39043,Erie,OH,11.0,39043,OH-Erie,10656.12,10122.0
31101,Keith,NE,9.3,31101,NE-Keith,10301.11,1715.0
23029,Washington,ME,10.7,23029,ME-Washington,8623.49,5106.0
13181,Lincoln,GA,13.2,13181,GA-Lincoln,10571.83,933.0
45089,Williamsburg,SC,16.3,45089,SC-Williamsburg,12040.92,3175.0
40059,Harper,OK,11.2,40059,OK-Harper,13263.82,682.0
48313,Madison,TX,12.9,48313,TX-Madison,14851.2,1138.0
40101,Muskogee,OK,13.4,40101,OK-Muskogee,15167.74,8607.0
24037,St. Mary's,MD,10.3,24037,MD-St. Mary's,11193.84,14736.0
30015,Chouteau,MT,9.5,30015,MT-Chouteau,11100.69,1018.0
18129,Posey,IN,10.0,18129,IN-Posey,11916.18,3385.0
08053,Hinsdale,CO,6.4,08053,CO-Hinsdale,11327.41,186.0
12123,Taylor,FL,12.8,12123,FL-Taylor,10755.48,2381.0
41041,Lincoln,OR,10.1,41041,OR-Lincoln,8504.58,11143.0
29057,Dade,MO,11.8,29057,MO-Dade,11345.02,778.0
20019,Chautauqua,KS,11.3,20019,KS-Chautauqua,13168.54,713.0
31011,Boone,NE,9.4,31011,NE-Boone,13870.58,911.0
51171,Shenandoah,VA,11.0,51171,VA-Shenandoah,10934.81,7168.0
39151,Stark,OH,11.1,39151,OH-Stark,10558.15,25209.0
39101,Marion,OH,12.5,39101,OH-Marion,12095.01,6211.0
19083,Hardin,IA,9.9,19083,IA-Hardin,11532.95,2982.0
17175,Stark,IL,9.7,17175,IL-Stark,10151.09,795.0
12051,Hendry,FL,16.1,12051,FL-Hendry,13951.1,2625.0
37003,Alexander,NC,10.1,37003,NC-Alexander,11122.81,3029.0
38089,Stark,ND,8.9,38089,ND-Stark,8899.28,3820.0
26153,Schoolcraft,MI,10.8,26153,MI-Schoolcraft,9784.88,1343.0
44005,Newport,RI,7.8,44005,RI-Newport,11541.44,9973.0
48431,Sterling,TX,9.4,48431,TX-Sterling,17008.81,155.0
15003,Honolulu,HI,10.5,15003,HI-Honolulu,8580.86,63293.0
47129,Morgan,TN,12.4,47129,TN-Morgan,10517.23,1611.0
48391,Refugio,TX,14.0,48391,TX-Refugio,18603.25,759.0
28083,Leflore,MS,19.0,28083,MS-Leflore,12485.62,2915.0
28079,Leake,MS,14.5,28079,MS-Leake,15159.88,2410.0
51520,Bristol,VA,11.8,51520,VA-Bristol City,12303.96,1492.0
48197,Hardeman,TX,11.9,48197,TX-Hardeman,15496.89,573.0
38005,Benson,ND,13.4,38005,ND-Benson,11144.68,794.0
49003,Box Elder,UT,8.9,49003,UT-Box Elder,10461.9,3754.0
13299,Ware,GA,14.7,13299,GA-Ware,13723.71,3242.0
38055,McLean,ND,8.6,38055,ND-McLean,10530.24,1667.0
02150,Kodiak Island,AK,9.3,02150,AK-Kodiak Island,9366.06,1691.0
18035,Delaware,IN,12.9,18035,IN-Delaware,12740.91,11267.0
06055,Napa,CA,9.3,06055,CA-Napa,10818.24,14044.0
22093,St. James,LA,13.4,22093,LA-St. James,14734.52,1258.0
30029,Flathead,MT,7.4,30029,MT-Flathead,8383.94,16878.0
46117,Stanley,SD,8.5,46117,SD-Stanley,10068.51,571.0
19019,Buchanan,IA,8.9,19019,IA-Buchanan,12053.33,2580.0
08083,Montezuma,CO,8.9,08083,CO-Montezuma,9682.85,4284.0
48125,Dickens,TX,12.2,48125,TX-Dickens,16258.65,299.0
22003,Allen,LA,14.3,22003,LA-Allen,14607.78,2455.0
37033,Caswell,NC,12.0,37033,NC-Caswell,10984.58,1756.0
38023,Divide,ND,9.0,38023,ND-Divide,13590.24,448.0
40019,Carter,OK,11.9,40019,OK-Carter,15245.85,6888.0
51650,Hampton,VA,13.8,51650,VA-Hampton City,11129.19,12940.0
39157,Tuscarawas,OH,11.0,39157,OH-Tuscarawas,10284.74,7611.0
41017,Deschutes,OR,8.2,41017,OR-Deschutes,9504.02,26999.0
22037,East Feliciana,LA,13.2,22037,LA-East Feliciana,13677.72,1548.0
05079,Lincoln,AR,13.5,05079,AR-Lincoln,13327.99,1262.0
46023,Charles Mix,SD,12.4,46023,SD-Charles Mix,11713.87,1340.0
08109,Saguache,CO,10.7,08109,CO-Saguache,6875.44,855.0
27065,Kanabec,MN,9.8,27065,MN-Kanabec,10230.26,1273.0
17047,Edwards,IL,10.7,17047,IL-Edwards,11700.32,1176.0
30085,Roosevelt,MT,13.5,30085,MT-Roosevelt,11320.89,1564.0
39115,Morgan,OH,12.3,39115,OH-Morgan,12541.71,1408.0
18107,Montgomery,IN,11.2,18107,IN-Montgomery,10644.52,4258.0
29055,Crawford,MO,11.0,29055,MO-Crawford,11190.06,2143.0
33017,Strafford,NH,7.8,33017,NH-Strafford,9915.13,16038.0
47175,Van Buren,TN,11.8,47175,TN-Van Buren,12445.39,949.0
48319,Mason,TX,9.9,48319,TX-Mason,11636.7,891.0
13119,Franklin,GA,12.4,13119,GA-Franklin,11244.24,2233.0
09170,South Central Connecticut,CT,9.2,09170,CT-South Central Connecticut,13611.55,37718.0
31139,Pierce,NE,8.6,31139,NE-Pierce,12222.53,1039.0
26095,Luce,MI,11.6,26095,MI-Luce,11078.62,600.0
29186,Ste. Genevieve,MO,9.8,29186,MO-Ste. Genevieve,13559.6,2042.0
37131,Northampton,NC,14.2,37131,NC-Northampton,11887.61,2393.0
46045,Edmunds,SD,9.1,46045,SD-Edmunds,10839.53,727.0
31045,Dawes,NE,9.6,31045,NE-Dawes,10478.79,1434.0
40045,Ellis,OK,10.6,40045,OK-Ellis,12588.19,728.0
48019,Bandera,TX,10.8,48019,TX-Bandera,10226.29,3741.0
13089,DeKalb,GA,12.3,13089,GA-DeKalb,11836.84,34522.0
19085,Harrison,IA,9.7,19085,IA-Harrison,11458.1,2340.0
13045,Carroll,GA,12.2,13045,GA-Carroll,12445.35,8582.0
01073,Jefferson,AL,13.5,01073,AL-Jefferson,13518.31,35863.0
20155,Reno,KS,10.9,20155,KS-Reno,11498.51,10309.0
53059,Skamania,WA,8.2,53059,WA-Skamania,8615.92,2196.0
20121,Miami,KS,8.8,20121,KS-Miami,12021.71,3913.0
05113,Polk,AR,11.8,05113,AR-Polk,10954.91,3166.0
19089,Howard,IA,9.7,19089,IA-Howard,10856.43,1931.0
08033,Dolores,CO,8.8,08033,CO-Dolores,9431.25,362.0
05069,Jefferson,AR,15.1,05069,AR-Jefferson,12664.22,6753.0
25021,Norfolk,MA,7.7,25021,MA-Norfolk,12024.56,81471.0
41047,Marion,OR,11.3,41047,OR-Marion,9200.66,20029.0
01061,Geneva,AL,13.0,01061,AL-Geneva,12498.96,2743.0
29123,Madison,MO,10.6,29123,MO-Madison,12112.07,1660.0
27159,Wadena,MN,10.1,27159,MN-Wadena,12883.33,1640.0
01103,Morgan,AL,12.3,01103,AL-Morgan,12690.02,12069.0
30051,Liberty,MT,9.9,30051,MT-Liberty,10916.75,390.0
19055,Delaware,IA,9.5,19055,IA-Delaware,9832.81,2578.0
47185,White,TN,12.4,47185,TN-White,11834.42,3587.0
55103,Richland,WI,10.1,55103,WI-Richland,10503.2,3006.0
29219,Warren,MO,10.0,29219,MO-Warren,12032.34,2447.0
27129,Renville,MN,10.2,27129,MN-Renville,12490.83,1855.0
48159,Franklin,TX,9.9,48159,TX-Franklin,12666.33,1412.0
51820,Waynesboro,VA,11.4,51820,VA-Waynesboro City,10084.77,3350.0
13033,Burke,GA,15.2,13033,GA-Burke,12301.07,1307.0
36093,Schenectady,NY,8.9,36093,NY-Schenectady,10688.14,10452.0
50017,Orange,VT,7.2,50017,VT-Orange,9213.15,5302.0
48425,Somervell,TX,9.8,48425,TX-Somervell,11419.81,1060.0
19127,Marshall,IA,10.8,19127,IA-Marshall,9789.9,5047.0
08055,Huerfano,CO,9.4,08055,CO-Huerfano,8283.92,1200.0
06007,Butte,CA,9.9,06007,CA-Butte,11546.1,36962.0
38033,Golden Valley,ND,9.8,38033,ND-Golden Valley,8886.14,362.0
26141,Presque Isle,MI,10.1,26141,MI-Presque Isle,9923.77,2321.0
37189,Watauga,NC,10.5,37189,NC-Watauga,9740.38,4950.0
29085,Hickory,MO,12.9,29085,MO-Hickory,10251.25,984.0
05143,Washington,AR,10.7,05143,AR-Washington,11076.48,18711.0
01039,Covington,AL,12.8,01039,AL-Covington,13099.32,4475.0
22067,Morehouse,LA,16.8,22067,LA-Morehouse,15305.47,2916.0
31035,Clay,NE,9.3,31035,NE-Clay,10900.2,1099.0
13069,Coffee,GA,15.0,13069,GA-Coffee,11498.8,2806.0
56025,Natrona,WY,9.6,56025,WY-Natrona,10435.33,12828.0
26031,Cheboygan,MI,10.2,26031,MI-Cheboygan,9418.11,3616.0
18183,Whitley,IN,10.2,18183,IN-Whitley,10864.28,2336.0
39011,Auglaize,OH,9.8,39011,OH-Auglaize,11520.53,6367.0
19153,Polk,IA,9.6,19153,IA-Polk,10289.45,42827.0
32017,Lincoln,NV,8.8,32017,NV-Lincoln,9667.56,959.0
48489,Willacy,TX,19.0,48489,TX-Willacy,14296.38,801.0
19149,Plymouth,IA,9.0,19149,IA-Plymouth,10799.49,3804.0
28155,Webster,MS,11.3,28155,MS-Webster,13542.31,1759.0
12103,Pinellas,FL,9.8,12103,FL-Pinellas,14300.14,91025.0
48223,Hopkins,TX,11.2,48223,TX-Hopkins,13153.74,4482.0
17013,Calhoun,IL,8.5,17013,IL-Calhoun,11429.1,756.0
55029,Door,WI,8.6,55029,WI-Door,9368.48,5648.0
18073,Jasper,IN,10.3,18073,IN-Jasper,11894.86,4546.0
16023,Butte,ID,11.1,16023,ID-Butte,11807.43,665.0
54045,Logan,WV,14.2,54045,WV-Logan,11302.75,3105.0
08119,Teller,CO,7.1,08119,CO-Teller,9150.73,3026.0
28067,Jones,MS,13.6,28067,MS-Jones,13445.04,7900.0
36059,Nassau,NY,8.3,36059,NY-Nassau,13579.79,166956.0
06047,Merced,CA,13.3,06047,CA-Merced,10967.51,26541.0
48455,Trinity,TX,11.8,48455,TX-Trinity,13816.73,1778.0
49045,Tooele,UT,9.4,49045,UT-Tooele,12231.15,3917.0
12009,Brevard,FL,10.0,12009,FL-Brevard,13116.66,78216.0
08097,Pitkin,CO,6.5,08097,CO-Pitkin,11089.95,2778.0
04019,Pima,AZ,9.5,04019,AZ-Pima,10830.49,94636.0
06105,Trinity,CA,10.7,06105,CA-Trinity,8691.68,3193.0
06111,Ventura,CA,9.9,06111,CA-Ventura,12795.72,83410.0
01009,Blount,AL,11.3,01009,AL-Blount,13254.69,3796.0
40137,Stephens,OK,11.4,40137,OK-Stephens,13884.91,7799.0
05029,Conway,AR,12.4,05029,AR-Conway,11909.95,2857.0
20057,Ford,KS,12.9,20057,KS-Ford,9507.8,3540.0
19021,Buena Vista,IA,11.7,19021,IA-Buena Vista,10164.17,2795.0
37195,Wilson,NC,14.0,37195,NC-Wilson,11312.63,8068.0
05049,Fulton,AR,12.4,05049,AR-Fulton,11826.49,2040.0
27095,Mille Lacs,MN,9.7,27095,MN-Mille Lacs,9691.16,1771.0
26163,Wayne,MI,12.5,26163,MI-Wayne,13237.34,106887.0
12041,Gilchrist,FL,10.2,12041,FL-Gilchrist,12301.06,2203.0
35035,Otero,NM,11.8,35035,NM-Otero,10383.52,7782.0
29021,Buchanan,MO,11.4,29021,MO-Buchanan,13293.79,11148.0
31003,Antelope,NE,9.6,31003,NE-Antelope,11890.95,1161.0
45033,Dillon,SC,17.3,45033,SC-Dillon,12548.8,2772.0
40107,Okfuskee,OK,14.7,40107,OK-Okfuskee,15412.84,1416.0
13239,Quitman,GA,16.0,13239,GA-Quitman,12709.05,288.0
08045,Garfield,CO,8.1,08045,CO-Garfield,10467.72,6977.0
12075,Levy,FL,11.9,12075,FL-Levy,11939.81,5612.0
02110,Juneau,AK,7.8,02110,AK-Juneau,9425.84,5184.0
19033,Cerro Gordo,IA,9.5,19033,IA-Cerro Gordo,10638.91,8232.0
06017,El Dorado,CA,8.0,06017,CA-El Dorado,9407.24,24302.0
48445,Terry,TX,15.1,48445,TX-Terry,14947.68,796.0
13099,Early,GA,15.4,13099,GA-Early,14063.44,901.0
27039,Dodge,MN,8.3,27039,MN-Dodge,10461.58,1809.0
31075,Grant,NE,8.8,31075,NE-Grant,9019.25,139.0
39051,Fulton,OH,10.7,39051,OH-Fulton,10610.58,4946.0
48095,Concho,TX,12.7,48095,TX-Concho,14866.53,417.0
29153,Ozark,MO,12.5,29153,MO-Ozark,9189.72,1284.0
48361,Orange,TX,10.9,48361,TX-Orange,13504.34,6793.0
46007,Bennett,SD,17.3,46007,SD-Bennett,13549.97,390.0
22115,Vernon,LA,12.6,22115,LA-Vernon,14326.12,4999.0
20015,Butler,KS,9.3,20015,KS-Butler,11068.38,7590.0
13173,Lanier,GA,14.6,13173,GA-Lanier,12530.45,729.0
28015,Carroll,MS,14.3,28015,MS-Carroll,13620.88,1721.0
18137,Ripley,IN,10.2,18137,IN-Ripley,11190.32,3497.0
46107,Potter,SD,9.0,46107,SD-Potter,14732.43,551.0
34027,Morris,NJ,7.4,34027,NJ-Morris,12228.31,57063.0
17135,Montgomery,IL,10.1,17135,IL-Montgomery,10950.29,4274.0
53015,Cowlitz,WA,9.3,53015,WA-Cowlitz,9356.66,8386.0
26111,Midland,MI,8.7,26111,MI-Midland,10680.69,6793.0
31109,Lancaster,NE,9.4,31109,NE-Lancaster,11496.32,33488.0
13023,Bleckley,GA,12.8,13023,GA-Bleckley,11839.38,1380.0
24005,Baltimore,MD,11.3,24005,MD-Baltimore,12472.61,109236.0
51195,Wise,VA,12.7,51195,VA-Wise,10633.0,3088.0
39093,Lorain,OH,11.5,39093,OH-Lorain,11763.79,28331.0
46083,Lincoln,SD,8.1,46083,SD-Lincoln,11519.59,5914.0
48381,Randall,TX,10.0,48381,TX-Randall,12289.48,14098.0
36123,Yates,NY,8.9,36123,NY-Yates,10990.35,1688.0
54075,Pocahontas,WV,13.7,54075,WV-Pocahontas,10892.98,1275.0
19075,Grundy,IA,8.6,19075,IA-Grundy,11633.7,1893.0
41027,Hood River,OR,9.4,41027,OR-Hood River,8047.47,2904.0
20141,Osborne,KS,10.0,20141,KS-Osborne,15376.2,858.0
17077,Jackson,IL,11.8,17077,IL-Jackson,12450.38,5027.0
49035,Salt Lake,UT,8.7,49035,UT-Salt Lake,12065.66,53845.0
28141,Tishomingo,MS,11.9,28141,MS-Tishomingo,12767.16,3883.0
48189,Hale,TX,15.0,48189,TX-Hale,12174.57,2515.0
13291,Union,GA,10.2,13291,GA-Union,9899.83,5200.0
38097,Traill,ND,8.5,38097,ND-Traill,11513.91,1284.0
17199,Williamson,IL,10.0,17199,IL-Williamson,11276.8,9305.0
18043,Floyd,IN,10.6,18043,IN-Floyd,12838.77,9242.0
45045,Greenville,SC,10.7,45045,SC-Greenville,11274.54,51998.0
48287,Lee,TX,12.4,48287,TX-Lee,12110.03,1895.0
22101,St. Mary,LA,14.7,22101,LA-St. Mary,13064.11,3842.0
54105,Wirt,WV,13.3,54105,WV-Wirt,10616.38,668.0
20131,Nemaha,KS,9.0,20131,KS-Nemaha,13429.7,2094.0
38059,Morton,ND,8.3,38059,ND-Morton,9651.99,3307.0
27061,Itasca,MN,9.9,27061,MN-Itasca,9636.91,4250.0
39037,Darke,OH,11.3,39037,OH-Darke,10927.95,6811.0
30021,Dawson,MT,8.2,30021,MT-Dawson,9763.26,1802.0
02275,Wrangell,AK,9.1,02275,AK-Wrangell,12527.27,543.0
48253,Jones,TX,12.9,48253,TX-Jones,12243.98,1862.0
49011,Davis,UT,8.4,49011,UT-Davis,11774.73,18274.0
19011,Benton,IA,8.6,19011,IA-Benton,9819.28,3431.0
08075,Logan,CO,9.8,08075,CO-Logan,10313.57,2644.0
48415,Scurry,TX,12.4,48415,TX-Scurry,13419.32,1611.0
19191,Winneshiek,IA,8.5,19191,IA-Winneshiek,9206.26,3902.0
31173,Thurston,NE,13.1,31173,NE-Thurston,14039.04,650.0
48049,Brown,TX,11.4,48049,TX-Brown,12899.1,5325.0
20077,Harper,KS,11.4,20077,KS-Harper,14188.32,1099.0
13055,Chattooga,GA,13.5,13055,GA-Chattooga,11438.3,1982.0
37077,Granville,NC,11.3,37077,NC-Granville,10531.1,5014.0
13013,Barrow,GA,11.6,13013,GA-Barrow,12504.34,5611.0
17055,Franklin,IL,10.9,17055,IL-Franklin,13037.55,5410.0
45071,Newberry,SC,13.1,45071,SC-Newberry,11187.69,5321.0
19097,Jackson,IA,9.6,19097,IA-Jackson,10205.57,2591.0
18059,Hancock,IN,9.5,18059,IN-Hancock,11410.91,7679.0
18083,Knox,IN,11.4,18083,IN-Knox,12432.33,5262.0
26007,Alpena,MI,10.5,26007,MI-Alpena,11168.36,4483.0
47145,Roane,TN,11.1,47145,TN-Roane,11159.02,6346.0
41063,Wallowa,OR,8.7,41063,OR-Wallowa,9403.03,2261.0
20195,Trego,KS,8.7,20195,KS-Trego,13642.38,757.0
12021,Collier,FL,9.5,12021,FL-Collier,12809.64,68443.0
39165,Warren,OH,9.4,39165,OH-Warren,11854.12,18192.0
40053,Grant,OK,10.4,40053,OK-Grant,16441.65,775.0
50007,Chittenden,VT,6.2,50007,VT-Chittenden,9155.76,18932.0
27073,Lac qui Parle,MN,8.7,27073,MN-Lac qui Parle,11657.6,979.0
13153,Houston,GA,12.2,13153,GA-Houston,12039.81,15000.0
56017,Hot Springs,WY,10.0,56017,WY-Hot Springs,11308.52,1254.0
35061,Valencia,NM,12.4,35061,NM-Valencia,8993.36,5086.0
37171,Surry,NC,10.8,37171,NC-Surry,11537.53,5745.0
22029,Concordia,LA,16.8,22029,LA-Concordia,15038.95,2197.0
54065,Morgan,WV,12.2,54065,WV-Morgan,11054.82,2641.0
35057,Torrance,NM,13.0,35057,NM-Torrance,7323.63,1133.0
26057,Gratiot,MI,10.5,26057,MI-Gratiot,11793.28,3355.0
53025,Grant,WA,10.8,53025,WA-Grant,9456.73,11310.0
47001,Anderson,TN,11.5,47001,TN-Anderson,11039.12,7995.0
26071,Iron,MI,10.2,26071,MI-Iron,9014.92,1804.0
16045,Gem,ID,8.7,16045,ID-Gem,9403.88,1840.0
47075,Haywood,TN,16.5,47075,TN-Haywood,12805.2,1766.0
22075,Plaquemines,LA,12.4,22075,LA-Plaquemines,11624.06,975.0
13079,Crawford,GA,12.1,13079,GA-Crawford,11923.74,1059.0
55019,Clark,WI,10.2,55019,WI-Clark,11975.72,2788.0
49051,Wasatch,UT,7.4,49051,UT-Wasatch,10058.76,2317.0
29095,Jackson,MO,11.0,29095,MO-Jackson,12765.64,47859.0
19139,Muscatine,IA,10.3,19139,IA-Muscatine,10031.69,4999.0
51053,Dinwiddie,VA,11.8,51053,VA-Dinwiddie,11356.31,3256.0
48151,Fisher,TX,10.8,48151,TX-Fisher,14473.45,563.0
51163,Rockbridge,VA,10.1,51163,VA-Rockbridge,9394.28,4177.0
27137,St. Louis,MN,9.4,27137,MN-St. Louis,9766.72,13142.0
47111,Macon,TN,12.7,47111,TN-Macon,12553.83,2404.0
29105,Laclede,MO,11.5,29105,MO-Laclede,10909.28,2578.0
16087,Washington,ID,10.7,16087,ID-Washington,9003.01,1570.0
27125,Red Lake,MN,9.1,27125,MN-Red Lake,14340.02,327.0
29197,Schuyler,MO,9.8,29197,MO-Schuyler,11095.9,681.0
13283,Treutlen,GA,16.1,13283,GA-Treutlen,12022.44,424.0
37169,Stokes,NC,9.9,37169,NC-Stokes,11809.78,3099.0
17095,Knox,IL,10.9,17095,IL-Knox,10779.56,6526.0
29131,Miller,MO,10.6,29131,MO-Miller,10399.54,2638.0
27083,Lyon,MN,9.5,27083,MN-Lyon,11502.97,3111.0
13143,Haralson,GA,11.0,13143,GA-Haralson,13221.72,2312.0
48117,Deaf Smith,TX,16.0,48117,TX-Deaf Smith,13098.05,1304.0
20037,Crawford,KS,10.8,20037,KS-Crawford,14037.05,4590.0
20205,Wilson,KS,10.4,20205,KS-Wilson,13966.63,1645.0
29031,Cape Girardeau,MO,10.2,29031,MO-Cape Girardeau,10183.1,11097.0
37063,Durham,NC,10.4,37063,NC-Durham,10770.89,21871.0
18049,Fulton,IN,11.5,18049,IN-Fulton,10752.05,2192.0
54055,Mercer,WV,13.6,54055,WV-Mercer,11207.7,6765.0
19063,Emmet,IA,10.0,19063,IA-Emmet,10189.46,1923.0
47155,Sevier,TN,11.5,47155,TN-Sevier,10304.84,9365.0
05039,Dallas,AR,12.7,05039,AR-Dallas,14631.74,917.0
01095,Marshall,AL,12.4,01095,AL-Marshall,12238.71,9173.0
01031,Coffee,AL,12.7,01031,AL-Coffee,11603.58,5322.0
37067,Forsyth,NC,11.0,37067,NC-Forsyth,11487.13,22660.0
05103,Ouachita,AR,13.9,05103,AR-Ouachita,12774.03,2914.0
06027,Inyo,CA,9.4,06027,CA-Inyo,10833.24,3868.0
48029,Bexar,TX,13.8,48029,TX-Bexar,12411.81,113313.0
19119,Lyon,IA,9.8,19119,IA-Lyon,10805.2,1865.0
31115,Loup,NE,8.9,31115,NE-Loup,9962.39,136.0
02016,Aleutians West,AK,11.4,02016,AK-Aleutians West,8125.52,145.0
29227,Worth,MO,11.2,29227,MO-Worth,10476.59,406.0
48327,Menard,TX,12.1,48327,TX-Menard,11266.64,396.0
51089,Henry,VA,13.4,51089,VA-Henry,10478.5,6763.0
20185,Stafford,KS,10.1,20185,KS-Stafford,19970.14,832.0
01125,Tuscaloosa,AL,12.4,01125,AL-Tuscaloosa,12609.44,13503.0
36101,Steuben,NY,9.0,36101,NY-Steuben,10120.18,8188.0
28057,Itawamba,MS,10.8,28057,MS-Itawamba,12175.21,3907.0
05133,Sevier,AR,13.7,05133,AR-Sevier,13657.08,1704.0
26133,Osceola,MI,10.4,26133,MI-Osceola,10166.04,2275.0
55057,Juneau,WI,10.9,55057,WI-Juneau,9280.48,3840.0
55129,Washburn,WI,9.7,55129,WI-Washburn,9599.67,2830.0
08063,Kit Carson,CO,9.1,08063,CO-Kit Carson,14182.08,1393.0
37021,Buncombe,NC,8.9,37021,NC-Buncombe,10200.97,32181.0
17189,Washington,IL,9.0,17189,IL-Washington,12260.04,2254.0
47109,McNairy,TN,12.9,47109,TN-McNairy,12463.21,3889.0
36111,Ulster,NY,8.8,36111,NY-Ulster,11491.02,23116.0
48351,Newton,TX,14.1,48351,TX-Newton,14828.82,1417.0
13109,Evans,GA,14.8,13109,GA-Evans,11872.52,804.0
19161,Sac,IA,9.2,19161,IA-Sac,12314.34,2165.0
29041,Chariton,MO,10.4,29041,MO-Chariton,10835.29,1447.0
27167,Wilkin,MN,9.6,27167,MN-Wilkin,12296.39,673.0
30043,Jefferson,MT,7.6,30043,MT-Jefferson,8233.74,2329.0
22011,Beauregard,LA,11.8,22011,LA-Beauregard,13849.6,4527.0
13229,Pierce,GA,12.1,13229,GA-Pierce,13323.25,1965.0
46019,Butte,SD,10.0,46019,SD-Butte,10042.02,1285.0
12095,Orange,FL,11.5,12095,FL-Orange,14443.92,67927.0
17021,Christian,IL,10.1,17021,IL-Christian,12369.49,4295.0
40011,Blaine,OK,11.4,40011,OK-Blaine,15892.0,1405.0
08017,Cheyenne,CO,8.7,08017,CO-Cheyenne,16685.92,320.0
02198,Prince of Wales-Hyder,AK,11.0,02198,AK-Prince of Wales-Hyder,8635.64,946.0
04027,Yuma,AZ,12.9,04027,AZ-Yuma,11355.31,19833.0
54041,Lewis,WV,13.4,54041,WV-Lewis,10908.24,1662.0
27031,Cook,MN,8.8,27031,MN-Cook,10203.05,544.0
06081,San Mateo,CA,9.0,06081,CA-San Mateo,9876.57,50348.0
30013,Cascade,MT,8.8,30013,MT-Cascade,9835.49,11361.0
48461,Upton,TX,14.8,48461,TX-Upton,20974.96,303.0
12001,Alachua,FL,11.2,12001,FL-Alachua,11698.67,26026.0
41057,Tillamook,OR,9.7,41057,OR-Tillamook,8207.67,5599.0
13197,Marion,GA,14.3,13197,GA-Marion,11962.22,619.0
48295,Lipscomb,TX,12.1,48295,TX-Lipscomb,11737.38,413.0
51119,Middlesex,VA,10.8,51119,VA-Middlesex,9833.3,2471.0
48231,Hunt,TX,11.2,48231,TX-Hunt,13793.65,10017.0
19025,Calhoun,IA,9.6,19025,IA-Calhoun,11288.07,1968.0
27009,Benton,MN,9.3,27009,MN-Benton,10693.9,2978.0
12033,Escambia,FL,11.4,12033,FL-Escambia,13959.89,35256.0
05021,Clay,AR,11.1,05021,AR-Clay,14511.98,2351.0
45007,Anderson,SC,11.1,45007,SC-Anderson,11993.8,21359.0
30107,Wheatland,MT,9.6,30107,MT-Wheatland,9608.85,373.0
13163,Jefferson,GA,15.5,13163,GA-Jefferson,12503.32,1229.0
37105,Lee,NC,11.7,37105,NC-Lee,10982.44,6084.0
27103,Nicollet,MN,8.8,27103,MN-Nicollet,10437.91,3320.0
20101,Lane,KS,9.6,20101,KS-Lane,15084.38,403.0
37141,Pender,NC,9.7,37141,NC-Pender,10450.38,7274.0
48077,Clay,TX,9.8,48077,TX-Clay,15673.21,1684.0
51125,Nelson,VA,10.7,51125,VA-Nelson,9038.9,3288.0
12067,Lafayette,FL,12.8,12067,FL-Lafayette,12982.9,779.0
02158,Kusilvak,AK,18.0,02158,AK-Kusilvak,7960.16,513.0
20091,Johnson,KS,8.3,20091,KS-Johnson,12344.46,56810.0
37107,Lenoir,NC,14.1,37107,NC-Lenoir,11477.71,6600.0
20067,Grant,KS,10.6,20067,KS-Grant,11491.5,928.0
55095,Polk,WI,9.2,55095,WI-Polk,10378.03,5170.0
40147,Washington,OK,11.0,40147,OK-Washington,13276.67,7820.0
31163,Sherman,NE,9.7,31163,NE-Sherman,10892.73,517.0
31051,Dixon,NE,10.1,31051,NE-Dixon,9330.58,769.0
51139,Page,VA,10.7,51139,VA-Page,12211.57,4065.0
23011,Kennebec,ME,9.4,23011,ME-Kennebec,8684.21,11078.0
39059,Guernsey,OH,11.9,39059,OH-Guernsey,10580.86,4444.0
09110,Capitol,CT,9.2,09110,CT-Capitol,12340.26,60472.0
48333,Mills,TX,9.9,48333,TX-Mills,12601.22,834.0
28121,Rankin,MS,10.7,28121,MS-Rankin,13317.12,18052.0
17125,Mason,IL,10.0,17125,IL-Mason,11454.54,2069.0
54011,Cabell,WV,13.2,54011,WV-Cabell,11580.01,8595.0
29161,Phelps,MO,10.9,29161,MO-Phelps,11232.08,4803.0
13313,Whitfield,GA,13.0,13313,GA-Whitfield,11507.9,10011.0
38053,McKenzie,ND,9.9,38053,ND-McKenzie,11486.5,1065.0
51093,Isle of Wight,VA,10.8,51093,VA-Isle of Wight,10444.29,5612.0
51023,Botetourt,VA,9.5,51023,VA-Botetourt,10049.15,5439.0
47013,Campbell,TN,12.6,47013,TN-Campbell,11535.68,3128.0
36037,Genesee,NY,8.5,36037,NY-Genesee,11181.01,3447.0
39029,Columbiana,OH,11.8,39029,OH-Columbiana,11772.58,9372.0
06057,Nevada,CA,8.0,06057,CA-Nevada,8957.8,22189.0
47017,Carroll,TN,12.4,47017,TN-Carroll,11815.61,4141.0
29011,Barton,MO,12.0,29011,MO-Barton,13767.87,1500.0
18153,Sullivan,IN,12.0,18153,IN-Sullivan,12881.44,2558.0
16015,Boise,ID,8.2,16015,ID-Boise,8839.7,948.0
28027,Coahoma,MS,19.5,28027,MS-Coahoma,13141.48,2311.0
17085,Jo Daviess,IL,9.0,17085,IL-Jo Daviess,8889.3,2627.0
48181,Grayson,TX,10.6,48181,TX-Grayson,15072.25,15228.0
33007,Coos,NH,9.4,33007,NH-Coos,10269.47,6207.0
37051,Cumberland,NC,12.6,37051,NC-Cumberland,10094.64,25122.0
18113,Noble,IN,11.1,18113,IN-Noble,10847.13,3285.0
17159,Richland,IL,9.9,17159,IL-Richland,12946.69,2627.0
47047,Fayette,TN,12.0,47047,TN-Fayette,11341.4,6264.0
55009,Brown,WI,9.3,55009,WI-Brown,10355.49,14224.0
40075,Kiowa,OK,13.1,40075,OK-Kiowa,15205.0,1473.0
51027,Buchanan,VA,13.2,51027,VA-Buchanan,11434.33,2345.0
45067,Marion,SC,17.7,45067,SC-Marion,12379.86,3370.0
13209,Montgomery,GA,13.5,13209,GA-Montgomery,11388.1,655.0
54001,Barbour,WV,13.8,54001,WV-Barbour,10937.37,1825.0
40117,Pawnee,OK,11.5,40117,OK-Pawnee,16271.49,2162.0
24021,Frederick,MD,9.4,24021,MD-Frederick,11438.84,34029.0
28093,Marshall,MS,15.7,28093,MS-Marshall,12608.02,4040.0
35028,Los Alamos,NM,6.7,35028,NM-Los Alamos,8527.36,2818.0
39123,Ottawa,OH,9.6,39123,OH-Ottawa,10741.61,5876.0
06071,San Bernardino,CA,11.8,06071,CA-San Bernardino,12879.31,78141.0
39085,Lake,OH,10.2,39085,OH-Lake,10992.07,23153.0
16079,Shoshone,ID,10.2,16079,ID-Shoshone,9050.73,2654.0
28131,Stone,MS,12.1,28131,MS-Stone,13390.29,1949.0
54109,Wyoming,WV,14.3,54109,WV-Wyoming,11563.43,2153.0
47081,Hickman,TN,11.8,47081,TN-Hickman,12410.74,2180.0
13219,Oconee,GA,8.3,13219,GA-Oconee,11026.19,3966.0
13133,Greene,GA,10.9,13133,GA-Greene,10796.37,3521.0
12086,Miami-Dade,FL,13.3,12086,FL-Miami-Dade,16635.8,92559.0
18019,Clark,IN,10.9,18019,IN-Clark,13858.18,12689.0
06091,Sierra,CA,10.1,06091,CA-Sierra,9851.75,732.0
37041,Chowan,NC,12.5,37041,NC-Chowan,10487.74,2359.0
53053,Pierce,WA,9.9,53053,WA-Pierce,9536.96,73057.0
54085,Ritchie,WV,13.3,54085,WV-Ritchie,11269.55,1200.0
19183,Washington,IA,9.6,19183,IA-Washington,10667.17,3389.0
40089,McCurtain,OK,13.3,40089,OK-McCurtain,14426.35,4870.0
04007,Gila,AZ,10.5,04007,AZ-Gila,11771.02,10020.0
48261,Kenedy,TX,14.9,48261,TX-Kenedy,15660.13,22.0
28029,Copiah,MS,15.3,28029,MS-Copiah,13438.61,2902.0
36081,Queens,NY,12.2,36081,NY-Queens,13400.92,127536.0
20165,Rush,KS,10.0,20165,KS-Rush,12523.42,788.0
48495,Winkler,TX,13.3,48495,TX-Winkler,17140.19,577.0
